"activité","domaine","objectif","composante","cycle","tache_eleve","production","critere","portee","preuve","limite","statut"
"1","MSN","MSN 27 - Identifier les différentes parties de son corps et en décrire le fonctionnement","5 liens locomoteur-mouvements; 8 représentation ou modélisation; 9 vocabulaire spécifique","cycle 2","localiser le talus et comparer avec un autre mammifère","localisation annotée et justification par deux indices","tarse repéré et deux indices expliqués","objectif principal local; certains éléments seulement","PER MSN SHS.pdf p. 42-49","le PER vise les os principaux et articulations; comparaison vertébrés surtout 7e-8e","provisoire; à différencier 5e-6e / 7e-8e"
"1","MSN","MSN 26 - Démarche scientifique","1 observer et décrire; 6 confronter des interprétations; 7 mettre en forme","cycle 2","observer plusieurs vues et justifier","notes d'observation et conclusion","observation distincte de l'hypothèse","objectif mobilisé","PER MSN SHS.pdf p. 34-36","ne mobilise pas toutes les composantes","provisoire"
"2","MSN","MSN 26 - Explorer par des démarches caractéristiques des sciences expérimentales","1 observer et décrire; 6 proposer et confronter; 7 mettre en forme","cycle 2","associer sous forme d'hypothèse et indiquer les données manquantes","hypothèse deux indices degré de confiance","raisonnement explicite et incertitude conservée","objectif mobilisé","PER MSN SHS.pdf p. 34-36","corpus A-D absent; activité non réalisable actuellement","provisoire"
"2","MSN","MSN 28 - Déterminer des caractéristiques du monde vivant","2 construire des critères; 7 organiser et présenter","cycle 2","comparer des formes à un référentiel","tableau de comparaison","critères observables sans identification experte","prolongement ou élément mobilisé","PER MSN SHS.pdf p. 50-57","l'attente porte sur êtres vivants et documents de référence; pas sur un os isolé","provisoire; ne pas annoncer comme objectif principal complet"
"3","SHS","SHS 22 - Identifier la manière dont les Hommes ont organisé leur vie collective à travers le temps","5 documents et récits; 6 relativité des représentations; 7 chronologie","cycle 2","dater classer et qualifier la portée de documents","chronologie et conclusion prudente","statuts distingués et deux limites expliquées","objectif principal potentiel","PER MSN SHS.pdf p. 92-95","corpus antique absent et adaptation 9-12 ans à préciser","provisoire"
"3","Arts visuels","A 22 AV et A 24 AV","culture et réception des images; analyse d'oeuvres","cycle 2","observer et comparer des images de statuts différents","tableau document date statut portée","distingue oeuvre moderne et source antique","objectif mobilisé","PER AV.pdf p. 26-27 et 32-33","les pages 14-21 relèvent surtout des AC&M; à ne pas généraliser","provisoire"
"4","SHS","SHS 23 - S'approprier des outils pour traiter des problématiques SHS","A informations pertinentes; B enquêter sur des hypothèses; G associer des ressources critiques","cycle 2","décrire proposer deux hypothèses puis réviser avec le contexte","fiche ou cartel prudent","observation hypothèse preuve et limite distinguées","appui principal potentiel","PER MSN SHS.pdf p. 94-95","seule la méthode est mobilisée tant que les cas sont absents","provisoire"
"5","SHS","SHS 22 et SHS 23","SHS 22.5-7; SHS 23 A B G","cycle 2","placer comparer et interpréter six à huit cas sourcés","carte frise cartes-cas tableau et synthèse","lieu période source interprétation et incertitude justifiés","hypothèse d'alignement provisoire","PER MSN SHS.pdf p. 92-95","aucune activité ni corpus n'existe encore","à concevoir et à valider"
"5","L1","L1 21 L1 22 et L1 24","lecture documentaire; synthèse écrite; présentation orale","cycle 2","lire une notice synthétiser et présenter un cas","notice courte et restitution","informations sélectionnées et source citée","objectif mobilisé seulement si les tâches sont réalisées","PER L1.pdf p. 24-55","L1 25 p. 58 ne convient que si des oeuvres littéraires sont réellement lues","provisoire"
