"page","viewport","overflow","scrollWidth","offenders"
"index.html","375x812","false","375","[{""tag"":""LABEL"",""cls"":""language-label"",""id"":"""",""w"":68,""cw"":1,""right"":236},{""tag"":""SPAN"",""cls"":""nav-toggle-label"",""id"":"""",""w"":41,""cw"":1,""right"":327},{""tag"":""SPAN"",""cls"":""sr-only"",""id"":"""",""w"":293,""cw"":1,""right"":21}]"
"index.html","768x1024","false","753","[{""tag"":""HEADER"",""cls"":""site-header"",""id"":"""",""w"":814,""cw"":753,""right"":753},{""tag"":""A"",""cls"":""brand"",""id"":"""",""w"":82,""cw"":0,""right"":32},{""tag"":""DIV"",""cls"":""header-actions"",""id"":"""",""w"":162,""cw"":162,""right"":814},{""tag"":""SELECT"",""cls"":""language-select"",""id"":""language-select"",""w"":82,""cw"":82,""right"":814},{""tag"":""SPAN"",""cls"":""sr-only"",""id"":"""",""w"":362,""cw"":1,""right"":33}]"
"index.html","1440x1000","false","1425","[{""tag"":""SPAN"",""cls"":""sr-only"",""id"":"""",""w"":482,""cw"":1,""right"":33}]"
"ressources/activite-01-corrige-evaluation.html","375x812","false","375","[{""tag"":""SECTION"",""cls"":""document-hero document-hero-critical"",""id"":"""",""w"":403,""cw"":343,""right"":359},{""tag"":""TABLE"",""cls"":""assessment-grid"",""id"":"""",""w"":592,""cw"":297,""right"":336},{""tag"":""CAPTION"",""cls"":"""",""id"":"""",""w"":592,""cw"":592,""right"":631},{""tag"":""THEAD"",""cls"":"""",""id"":"""",""w"":591,""cw"":591,""right"":630},{""tag"":""TR"",""cls"":"""",""id"":"""",""w"":591,""cw"":591,""right"":630}]"
"ressources/activite-01-corrige-evaluation.html","768x1024","false","753","[{""tag"":""SECTION"",""cls"":""document-hero document-hero-critical"",""id"":"""",""w"":773,""cw"":713,""right"":733}]"
"ressources/activite-01-corrige-evaluation.html","1440x1000","false","1425","[{""tag"":""SECTION"",""cls"":""document-hero document-hero-critical"",""id"":"""",""w"":1180,""cw"":1120,""right"":1273}]"
"ressources/activite-01-exemple-production.html","375x812","false","375","[{""tag"":""SECTION"",""cls"":""document-hero document-hero-school"",""id"":"""",""w"":403,""cw"":343,""right"":359}]"
"ressources/activite-01-exemple-production.html","768x1024","false","753","[{""tag"":""SECTION"",""cls"":""document-hero document-hero-school"",""id"":"""",""w"":773,""cw"":713,""right"":733}]"
"ressources/activite-01-exemple-production.html","1440x1000","false","1425","[{""tag"":""SECTION"",""cls"":""document-hero document-hero-school"",""id"":"""",""w"":1180,""cw"":1120,""right"":1273}]"
"ressources/activite-01-fiche-eleve-classe.html","375x812","false","375","[{""tag"":""SECTION"",""cls"":""document-hero document-hero-school"",""id"":"""",""w"":403,""cw"":343,""right"":359}]"
"ressources/activite-01-fiche-eleve-classe.html","768x1024","false","753","[{""tag"":""SECTION"",""cls"":""document-hero document-hero-school"",""id"":"""",""w"":773,""cw"":713,""right"":733}]"
"ressources/activite-01-fiche-eleve-classe.html","1440x1000","false","1425","[{""tag"":""SECTION"",""cls"":""document-hero document-hero-school"",""id"":"""",""w"":1180,""cw"":1120,""right"":1273}]"
"ressources/activite-01-fiche-eleve-musee.html","375x812","false","375","[{""tag"":""SECTION"",""cls"":""document-hero document-hero-museum"",""id"":"""",""w"":403,""cw"":343,""right"":359}]"
"ressources/activite-01-fiche-eleve-musee.html","768x1024","false","753","[{""tag"":""SECTION"",""cls"":""document-hero document-hero-museum"",""id"":"""",""w"":773,""cw"":713,""right"":733}]"
"ressources/activite-01-fiche-eleve-musee.html","1440x1000","false","1425","[{""tag"":""SECTION"",""cls"":""document-hero document-hero-museum"",""id"":"""",""w"":1180,""cw"":1120,""right"":1273}]"
"ressources/activite-01-fiche-reperage.html","375x812","false","375","[{""tag"":""SECTION"",""cls"":""document-hero document-hero-school"",""id"":"""",""w"":403,""cw"":343,""right"":359}]"
"ressources/activite-01-fiche-reperage.html","768x1024","false","753","[{""tag"":""SECTION"",""cls"":""document-hero document-hero-school"",""id"":"""",""w"":773,""cw"":713,""right"":733}]"
"ressources/activite-01-fiche-reperage.html","1440x1000","false","1425","[{""tag"":""SECTION"",""cls"":""document-hero document-hero-school"",""id"":"""",""w"":1180,""cw"":1120,""right"":1273}]"
"ressources/activite-01-trouver-astragale.html","375x812","false","375","[{""tag"":""SECTION"",""cls"":""document-hero document-hero-school"",""id"":"""",""w"":403,""cw"":343,""right"":359}]"
"ressources/activite-01-trouver-astragale.html","768x1024","false","753","[{""tag"":""SECTION"",""cls"":""document-hero document-hero-school"",""id"":"""",""w"":773,""cw"":713,""right"":733}]"
"ressources/activite-01-trouver-astragale.html","1440x1000","false","1425","[{""tag"":""SECTION"",""cls"":""document-hero document-hero-school"",""id"":"""",""w"":1180,""cw"":1120,""right"":1273}]"
"ressources/activite-02-associer-astragale-animal.html","375x812","false","375","[{""tag"":""SECTION"",""cls"":""document-hero document-hero-school"",""id"":"""",""w"":403,""cw"":343,""right"":359},{""tag"":""TABLE"",""cls"":""asset-status"",""id"":"""",""w"":376,""cw"":297,""right"":336},{""tag"":""CAPTION"",""cls"":"""",""id"":"""",""w"":376,""cw"":376,""right"":415},{""tag"":""THEAD"",""cls"":"""",""id"":"""",""w"":375,""cw"":375,""right"":415},{""tag"":""TR"",""cls"":"""",""id"":"""",""w"":375,""cw"":375,""right"":415}]"
"ressources/activite-02-associer-astragale-animal.html","768x1024","false","753","[{""tag"":""SECTION"",""cls"":""document-hero document-hero-school"",""id"":"""",""w"":773,""cw"":713,""right"":733}]"
"ressources/activite-02-associer-astragale-animal.html","1440x1000","false","1425","[{""tag"":""SECTION"",""cls"":""document-hero document-hero-school"",""id"":"""",""w"":1180,""cw"":1120,""right"":1273}]"
"ressources/activite-02-cartes-animaux.html","375x812","false","375","[{""tag"":""SECTION"",""cls"":""document-hero document-hero-museum"",""id"":"""",""w"":403,""cw"":343,""right"":359}]"
"ressources/activite-02-cartes-animaux.html","768x1024","false","753","[{""tag"":""SECTION"",""cls"":""document-hero document-hero-museum"",""id"":"""",""w"":773,""cw"":713,""right"":733}]"
"ressources/activite-02-cartes-animaux.html","1440x1000","false","1425","[{""tag"":""SECTION"",""cls"":""document-hero document-hero-museum"",""id"":"""",""w"":1180,""cw"":1120,""right"":1273}]"
"ressources/activite-02-cartes-astragales.html","375x812","false","375","[{""tag"":""SECTION"",""cls"":""document-hero document-hero-school"",""id"":"""",""w"":403,""cw"":343,""right"":359}]"
"ressources/activite-02-cartes-astragales.html","768x1024","false","753","[{""tag"":""SECTION"",""cls"":""document-hero document-hero-school"",""id"":"""",""w"":773,""cw"":713,""right"":733}]"
"ressources/activite-02-cartes-astragales.html","1440x1000","false","1425","[{""tag"":""SECTION"",""cls"":""document-hero document-hero-school"",""id"":"""",""w"":1180,""cw"":1120,""right"":1273}]"
"ressources/activite-02-corrige-evaluation.html","375x812","false","375","[{""tag"":""SECTION"",""cls"":""document-hero document-hero-critical"",""id"":"""",""w"":403,""cw"":343,""right"":359},{""tag"":""TABLE"",""cls"":""correction-table"",""id"":"""",""w"":488,""cw"":297,""right"":336},{""tag"":""CAPTION"",""cls"":"""",""id"":"""",""w"":488,""cw"":488,""right"":527},{""tag"":""THEAD"",""cls"":"""",""id"":"""",""w"":487,""cw"":487,""right"":527},{""tag"":""TR"",""cls"":"""",""id"":"""",""w"":487,""cw"":487,""right"":527}]"
"ressources/activite-02-corrige-evaluation.html","768x1024","false","753","[{""tag"":""SECTION"",""cls"":""document-hero document-hero-critical"",""id"":"""",""w"":773,""cw"":713,""right"":733}]"
"ressources/activite-02-corrige-evaluation.html","1440x1000","false","1425","[{""tag"":""SECTION"",""cls"":""document-hero document-hero-critical"",""id"":"""",""w"":1180,""cw"":1120,""right"":1273}]"
"ressources/activite-02-exemple-production.html","375x812","false","375","[{""tag"":""SECTION"",""cls"":""document-hero document-hero-school"",""id"":"""",""w"":403,""cw"":343,""right"":359},{""tag"":""TABLE"",""cls"":""association-board"",""id"":"""",""w"":466,""cw"":297,""right"":336},{""tag"":""CAPTION"",""cls"":"""",""id"":"""",""w"":466,""cw"":466,""right"":505},{""tag"":""THEAD"",""cls"":"""",""id"":"""",""w"":465,""cw"":465,""right"":504},{""tag"":""TR"",""cls"":"""",""id"":"""",""w"":465,""cw"":465,""right"":504}]"
"ressources/activite-02-exemple-production.html","768x1024","false","753","[{""tag"":""SECTION"",""cls"":""document-hero document-hero-school"",""id"":"""",""w"":773,""cw"":713,""right"":733}]"
"ressources/activite-02-exemple-production.html","1440x1000","false","1425","[{""tag"":""SECTION"",""cls"":""document-hero document-hero-school"",""id"":"""",""w"":1180,""cw"":1120,""right"":1273}]"
"ressources/activite-02-fiche-eleve-classe.html","375x812","false","375","[{""tag"":""SECTION"",""cls"":""document-hero document-hero-school"",""id"":"""",""w"":403,""cw"":343,""right"":359},{""tag"":""TABLE"",""cls"":""observation-grid"",""id"":"""",""w"":486,""cw"":297,""right"":336},{""tag"":""CAPTION"",""cls"":"""",""id"":"""",""w"":486,""cw"":486,""right"":525},{""tag"":""THEAD"",""cls"":"""",""id"":"""",""w"":485,""cw"":485,""right"":525},{""tag"":""TR"",""cls"":"""",""id"":"""",""w"":485,""cw"":485,""right"":525}]"
"ressources/activite-02-fiche-eleve-classe.html","768x1024","false","753","[{""tag"":""SECTION"",""cls"":""document-hero document-hero-school"",""id"":"""",""w"":773,""cw"":713,""right"":733}]"
"ressources/activite-02-fiche-eleve-classe.html","1440x1000","false","1425","[{""tag"":""SECTION"",""cls"":""document-hero document-hero-school"",""id"":"""",""w"":1180,""cw"":1120,""right"":1273}]"
"ressources/activite-02-fiche-eleve-musee.html","375x812","false","375","[{""tag"":""SECTION"",""cls"":""document-hero document-hero-museum"",""id"":"""",""w"":403,""cw"":343,""right"":359},{""tag"":""TABLE"",""cls"":""observation-grid"",""id"":"""",""w"":302,""cw"":297,""right"":336},{""tag"":""TABLE"",""cls"":""association-board"",""id"":"""",""w"":377,""cw"":297,""right"":336},{""tag"":""CAPTION"",""cls"":"""",""id"":"""",""w"":377,""cw"":377,""right"":416},{""tag"":""THEAD"",""cls"":"""",""id"":"""",""w"":376,""cw"":376,""right"":416}]"
"ressources/activite-02-fiche-eleve-musee.html","768x1024","false","753","[{""tag"":""SECTION"",""cls"":""document-hero document-hero-museum"",""id"":"""",""w"":773,""cw"":713,""right"":733}]"
"ressources/activite-02-fiche-eleve-musee.html","1440x1000","false","1425","[{""tag"":""SECTION"",""cls"":""document-hero document-hero-museum"",""id"":"""",""w"":1180,""cw"":1120,""right"":1273}]"
"ressources/activite-02-grille-association.html","375x812","false","375","[{""tag"":""SECTION"",""cls"":""document-hero document-hero-school"",""id"":"""",""w"":403,""cw"":343,""right"":359},{""tag"":""TABLE"",""cls"":""association-board"",""id"":"""",""w"":458,""cw"":297,""right"":336},{""tag"":""CAPTION"",""cls"":"""",""id"":"""",""w"":458,""cw"":458,""right"":497},{""tag"":""THEAD"",""cls"":"""",""id"":"""",""w"":457,""cw"":457,""right"":496},{""tag"":""TR"",""cls"":"""",""id"":"""",""w"":457,""cw"":457,""right"":496}]"
"ressources/activite-02-grille-association.html","768x1024","false","753","[{""tag"":""SECTION"",""cls"":""document-hero document-hero-school"",""id"":"""",""w"":773,""cw"":713,""right"":733}]"
"ressources/activite-02-grille-association.html","1440x1000","false","1425","[{""tag"":""SECTION"",""cls"":""document-hero document-hero-school"",""id"":"""",""w"":1180,""cw"":1120,""right"":1273}]"
"ressources/activite-02-guide-enseignant.html","375x812","false","375","[{""tag"":""SECTION"",""cls"":""document-hero document-hero-school"",""id"":"""",""w"":403,""cw"":343,""right"":359},{""tag"":""TABLE"",""cls"":""observation-table"",""id"":"""",""w"":552,""cw"":297,""right"":336},{""tag"":""CAPTION"",""cls"":"""",""id"":"""",""w"":552,""cw"":552,""right"":591},{""tag"":""THEAD"",""cls"":"""",""id"":"""",""w"":551,""cw"":551,""right"":591},{""tag"":""TR"",""cls"":"""",""id"":"""",""w"":551,""cw"":551,""right"":591}]"
"ressources/activite-02-guide-enseignant.html","768x1024","false","753","[{""tag"":""SECTION"",""cls"":""document-hero document-hero-school"",""id"":"""",""w"":773,""cw"":713,""right"":733}]"
"ressources/activite-02-guide-enseignant.html","1440x1000","false","1425","[{""tag"":""SECTION"",""cls"":""document-hero document-hero-school"",""id"":"""",""w"":1180,""cw"":1120,""right"":1273}]"
"ressources/activite-02-guide-musee.html","375x812","false","375","[{""tag"":""SECTION"",""cls"":""document-hero document-hero-museum"",""id"":"""",""w"":403,""cw"":343,""right"":359}]"
"ressources/activite-02-guide-musee.html","768x1024","false","753","[{""tag"":""SECTION"",""cls"":""document-hero document-hero-museum"",""id"":"""",""w"":773,""cw"":713,""right"":733}]"
"ressources/activite-02-guide-musee.html","1440x1000","false","1425","[{""tag"":""SECTION"",""cls"":""document-hero document-hero-museum"",""id"":"""",""w"":1180,""cw"":1120,""right"":1273}]"
"ressources/activite-03-achille-histoire-transformee.html","375x812","false","375","[{""tag"":""SECTION"",""cls"":""document-hero document-hero-critical"",""id"":""introduction"",""w"":403,""cw"":343,""right"":359}]"
"ressources/activite-03-achille-histoire-transformee.html","768x1024","false","753","[{""tag"":""SECTION"",""cls"":""document-hero document-hero-critical"",""id"":""introduction"",""w"":773,""cw"":713,""right"":733}]"
"ressources/activite-03-achille-histoire-transformee.html","1440x1000","false","1425","[{""tag"":""SECTION"",""cls"":""document-hero document-hero-critical"",""id"":""introduction"",""w"":1180,""cw"":1120,""right"":1273}]"
"ressources/activite-03-album-classe.html","375x812","false","375","[{""tag"":""SECTION"",""cls"":""document-hero document-hero-school"",""id"":"""",""w"":403,""cw"":343,""right"":359}]"
"ressources/activite-03-album-classe.html","768x1024","false","753","[{""tag"":""SECTION"",""cls"":""document-hero document-hero-school"",""id"":"""",""w"":773,""cw"":713,""right"":733}]"
"ressources/activite-03-album-classe.html","1440x1000","false","1425","[{""tag"":""SECTION"",""cls"":""document-hero document-hero-school"",""id"":"""",""w"":1180,""cw"":1120,""right"":1273}]"
"ressources/activite-03-cartes-chronologiques.html","375x812","false","375","[{""tag"":""SECTION"",""cls"":""document-hero document-hero-critical"",""id"":"""",""w"":403,""cw"":343,""right"":359},{""tag"":""DIV"",""cls"":""chronology-track"",""id"":"""",""w"":820,""cw"":297,""right"":336},{""tag"":""DIV"",""cls"":"""",""id"":"""",""w"":126,""cw"":126,""right"":445},{""tag"":""DIV"",""cls"":"""",""id"":"""",""w"":126,""cw"":126,""right"":583},{""tag"":""DIV"",""cls"":"""",""id"":"""",""w"":126,""cw"":126,""right"":721}]"
"ressources/activite-03-cartes-chronologiques.html","768x1024","false","753","[{""tag"":""SECTION"",""cls"":""document-hero document-hero-critical"",""id"":"""",""w"":773,""cw"":713,""right"":733},{""tag"":""DIV"",""cls"":""chronology-track"",""id"":"""",""w"":820,""cw"":659,""right"":706},{""tag"":""DIV"",""cls"":"""",""id"":"""",""w"":126,""cw"":126,""right"":867}]"
"ressources/activite-03-cartes-chronologiques.html","1440x1000","false","1425","[{""tag"":""SECTION"",""cls"":""document-hero document-hero-critical"",""id"":"""",""w"":1180,""cw"":1120,""right"":1273}]"
"ressources/activite-03-corpus-images.html","375x812","false","375","[{""tag"":""SECTION"",""cls"":""document-hero document-hero-critical"",""id"":"""",""w"":403,""cw"":343,""right"":359},{""tag"":""TABLE"",""cls"":""asset-status"",""id"":"""",""w"":539,""cw"":297,""right"":336},{""tag"":""CAPTION"",""cls"":"""",""id"":"""",""w"":539,""cw"":539,""right"":578},{""tag"":""THEAD"",""cls"":"""",""id"":"""",""w"":538,""cw"":538,""right"":577},{""tag"":""TR"",""cls"":"""",""id"":"""",""w"":538,""cw"":538,""right"":577}]"
"ressources/activite-03-corpus-images.html","768x1024","false","753","[{""tag"":""SECTION"",""cls"":""document-hero document-hero-critical"",""id"":"""",""w"":773,""cw"":713,""right"":733}]"
"ressources/activite-03-corpus-images.html","1440x1000","false","1425","[{""tag"":""SECTION"",""cls"":""document-hero document-hero-critical"",""id"":"""",""w"":1180,""cw"":1120,""right"":1273}]"
"ressources/activite-03-corrige-evaluation.html","375x812","false","375","[{""tag"":""SECTION"",""cls"":""document-hero document-hero-critical"",""id"":"""",""w"":403,""cw"":343,""right"":359},{""tag"":""TABLE"",""cls"":""correction-table"",""id"":"""",""w"":367,""cw"":297,""right"":336},{""tag"":""CAPTION"",""cls"":"""",""id"":"""",""w"":367,""cw"":367,""right"":406},{""tag"":""THEAD"",""cls"":"""",""id"":"""",""w"":366,""cw"":366,""right"":405},{""tag"":""TR"",""cls"":"""",""id"":"""",""w"":366,""cw"":366,""right"":405}]"
"ressources/activite-03-corrige-evaluation.html","768x1024","false","753","[{""tag"":""SECTION"",""cls"":""document-hero document-hero-critical"",""id"":"""",""w"":773,""cw"":713,""right"":733}]"
"ressources/activite-03-corrige-evaluation.html","1440x1000","false","1425","[{""tag"":""SECTION"",""cls"":""document-hero document-hero-critical"",""id"":"""",""w"":1180,""cw"":1120,""right"":1273}]"
"ressources/activite-03-exemple-production.html","375x812","false","375","[{""tag"":""SECTION"",""cls"":""document-hero document-hero-school"",""id"":"""",""w"":403,""cw"":343,""right"":359}]"
"ressources/activite-03-exemple-production.html","768x1024","false","753","[{""tag"":""SECTION"",""cls"":""document-hero document-hero-school"",""id"":"""",""w"":773,""cw"":713,""right"":733}]"
"ressources/activite-03-exemple-production.html","1440x1000","false","1425","[{""tag"":""SECTION"",""cls"":""document-hero document-hero-school"",""id"":"""",""w"":1180,""cw"":1120,""right"":1273}]"
"ressources/activite-03-fiche-eleve-classe.html","375x812","false","375","[{""tag"":""SECTION"",""cls"":""document-hero document-hero-school"",""id"":"""",""w"":403,""cw"":343,""right"":359}]"
"ressources/activite-03-fiche-eleve-classe.html","768x1024","false","753","[{""tag"":""SECTION"",""cls"":""document-hero document-hero-school"",""id"":"""",""w"":773,""cw"":713,""right"":733}]"
"ressources/activite-03-fiche-eleve-classe.html","1440x1000","false","1425","[{""tag"":""SECTION"",""cls"":""document-hero document-hero-school"",""id"":"""",""w"":1180,""cw"":1120,""right"":1273}]"
"ressources/activite-03-fiche-eleve-musee.html","375x812","false","375","[{""tag"":""SECTION"",""cls"":""document-hero document-hero-museum"",""id"":"""",""w"":403,""cw"":343,""right"":359}]"
"ressources/activite-03-fiche-eleve-musee.html","768x1024","false","753","[{""tag"":""SECTION"",""cls"":""document-hero document-hero-museum"",""id"":"""",""w"":773,""cw"":713,""right"":733}]"
"ressources/activite-03-fiche-eleve-musee.html","1440x1000","false","1425","[{""tag"":""SECTION"",""cls"":""document-hero document-hero-museum"",""id"":"""",""w"":1180,""cw"":1120,""right"":1273}]"
"ressources/activite-03-guide-enseignant.html","375x812","false","375","[{""tag"":""SECTION"",""cls"":""document-hero document-hero-school"",""id"":"""",""w"":403,""cw"":343,""right"":359},{""tag"":""TABLE"",""cls"":""observation-table"",""id"":"""",""w"":539,""cw"":297,""right"":336},{""tag"":""CAPTION"",""cls"":"""",""id"":"""",""w"":539,""cw"":539,""right"":578},{""tag"":""THEAD"",""cls"":"""",""id"":"""",""w"":538,""cw"":538,""right"":578},{""tag"":""TR"",""cls"":"""",""id"":"""",""w"":538,""cw"":538,""right"":578}]"
"ressources/activite-03-guide-enseignant.html","768x1024","false","753","[{""tag"":""SECTION"",""cls"":""document-hero document-hero-school"",""id"":"""",""w"":773,""cw"":713,""right"":733}]"
"ressources/activite-03-guide-enseignant.html","1440x1000","false","1425","[{""tag"":""SECTION"",""cls"":""document-hero document-hero-school"",""id"":"""",""w"":1180,""cw"":1120,""right"":1273}]"
"ressources/activite-03-guide-musee.html","375x812","false","375","[{""tag"":""SECTION"",""cls"":""document-hero document-hero-museum"",""id"":"""",""w"":403,""cw"":343,""right"":359},{""tag"":""TABLE"",""cls"":""observation-table"",""id"":"""",""w"":353,""cw"":297,""right"":336},{""tag"":""CAPTION"",""cls"":"""",""id"":"""",""w"":353,""cw"":353,""right"":392},{""tag"":""THEAD"",""cls"":"""",""id"":"""",""w"":352,""cw"":352,""right"":392},{""tag"":""TR"",""cls"":"""",""id"":"""",""w"":352,""cw"":352,""right"":392}]"
"ressources/activite-03-guide-musee.html","768x1024","false","753","[{""tag"":""SECTION"",""cls"":""document-hero document-hero-museum"",""id"":"""",""w"":773,""cw"":713,""right"":733}]"
"ressources/activite-03-guide-musee.html","1440x1000","false","1425","[{""tag"":""SECTION"",""cls"":""document-hero document-hero-museum"",""id"":"""",""w"":1180,""cw"":1120,""right"":1273}]"
"ressources/activite-03-prolongement-illustration-ia.html","375x812","false","375","[{""tag"":""SECTION"",""cls"":""document-hero document-hero-critical"",""id"":"""",""w"":403,""cw"":343,""right"":359},{""tag"":""TABLE"",""cls"":""source-vs-interpretation"",""id"":"""",""w"":306,""cw"":297,""right"":336}]"
"ressources/activite-03-prolongement-illustration-ia.html","768x1024","false","753","[{""tag"":""SECTION"",""cls"":""document-hero document-hero-critical"",""id"":"""",""w"":773,""cw"":713,""right"":733}]"
"ressources/activite-03-prolongement-illustration-ia.html","1440x1000","false","1425","[{""tag"":""SECTION"",""cls"":""document-hero document-hero-critical"",""id"":"""",""w"":1180,""cw"":1120,""right"":1273}]"
"ressources/activite-03-questionnaire.html","375x812","false","375","[{""tag"":""SECTION"",""cls"":""document-hero document-hero-school"",""id"":"""",""w"":403,""cw"":343,""right"":359}]"
"ressources/activite-03-questionnaire.html","768x1024","false","753","[{""tag"":""SECTION"",""cls"":""document-hero document-hero-school"",""id"":"""",""w"":773,""cw"":713,""right"":733}]"
"ressources/activite-03-questionnaire.html","1440x1000","false","1425","[{""tag"":""SECTION"",""cls"":""document-hero document-hero-school"",""id"":"""",""w"":1180,""cw"":1120,""right"":1273}]"
"ressources/activite-03-schema-talus.html","375x812","false","375","[{""tag"":""SECTION"",""cls"":""document-hero document-hero-school"",""id"":"""",""w"":403,""cw"":343,""right"":359}]"
"ressources/activite-03-schema-talus.html","768x1024","false","753","[{""tag"":""SECTION"",""cls"":""document-hero document-hero-school"",""id"":"""",""w"":773,""cw"":713,""right"":733}]"
"ressources/activite-03-schema-talus.html","1440x1000","false","1425","[{""tag"":""SECTION"",""cls"":""document-hero document-hero-school"",""id"":"""",""w"":1180,""cw"":1120,""right"":1273}]"
"ressources/activite-04-biographie-objet.html","375x812","false","375","[{""tag"":""SECTION"",""cls"":""document-hero document-hero-school"",""id"":"""",""w"":403,""cw"":343,""right"":359}]"
"ressources/activite-04-biographie-objet.html","768x1024","false","753","[{""tag"":""SECTION"",""cls"":""document-hero document-hero-school"",""id"":"""",""w"":773,""cw"":713,""right"":733}]"
"ressources/activite-04-biographie-objet.html","1440x1000","false","1425","[{""tag"":""SECTION"",""cls"":""document-hero document-hero-school"",""id"":"""",""w"":1180,""cw"":1120,""right"":1273}]"
"ressources/activite-04-cartes-contextes.html","375x812","false","375","[{""tag"":""SECTION"",""cls"":""document-hero document-hero-critical"",""id"":"""",""w"":403,""cw"":343,""right"":359}]"
"ressources/activite-04-cartes-contextes.html","768x1024","false","753","[{""tag"":""SECTION"",""cls"":""document-hero document-hero-critical"",""id"":"""",""w"":773,""cw"":713,""right"":733}]"
"ressources/activite-04-cartes-contextes.html","1440x1000","false","1425","[{""tag"":""SECTION"",""cls"":""document-hero document-hero-critical"",""id"":"""",""w"":1180,""cw"":1120,""right"":1273}]"
"ressources/activite-04-cartes-objets.html","375x812","false","375","[{""tag"":""SECTION"",""cls"":""document-hero document-hero-critical"",""id"":"""",""w"":403,""cw"":343,""right"":359},{""tag"":""TABLE"",""cls"":""observation-table"",""id"":"""",""w"":604,""cw"":297,""right"":336},{""tag"":""CAPTION"",""cls"":"""",""id"":"""",""w"":604,""cw"":604,""right"":643},{""tag"":""THEAD"",""cls"":"""",""id"":"""",""w"":603,""cw"":603,""right"":642},{""tag"":""TR"",""cls"":"""",""id"":"""",""w"":603,""cw"":603,""right"":642}]"
"ressources/activite-04-cartes-objets.html","768x1024","false","753","[{""tag"":""SECTION"",""cls"":""document-hero document-hero-critical"",""id"":"""",""w"":773,""cw"":713,""right"":733}]"
"ressources/activite-04-cartes-objets.html","1440x1000","false","1425","[{""tag"":""SECTION"",""cls"":""document-hero document-hero-critical"",""id"":"""",""w"":1180,""cw"":1120,""right"":1273}]"
"ressources/activite-04-cartes-usages.html","375x812","false","375","[{""tag"":""SECTION"",""cls"":""document-hero document-hero-critical"",""id"":"""",""w"":403,""cw"":343,""right"":359}]"
"ressources/activite-04-cartes-usages.html","768x1024","false","753","[{""tag"":""SECTION"",""cls"":""document-hero document-hero-critical"",""id"":"""",""w"":773,""cw"":713,""right"":733}]"
"ressources/activite-04-cartes-usages.html","1440x1000","false","1425","[{""tag"":""SECTION"",""cls"":""document-hero document-hero-critical"",""id"":"""",""w"":1180,""cw"":1120,""right"":1273}]"
"ressources/activite-04-corrige-evaluation.html","375x812","false","375","[{""tag"":""SECTION"",""cls"":""document-hero document-hero-critical"",""id"":"""",""w"":403,""cw"":343,""right"":359},{""tag"":""TABLE"",""cls"":""observation-table"",""id"":"""",""w"":441,""cw"":297,""right"":336},{""tag"":""THEAD"",""cls"":"""",""id"":"""",""w"":440,""cw"":440,""right"":480},{""tag"":""TR"",""cls"":"""",""id"":"""",""w"":440,""cw"":440,""right"":480},{""tag"":""TH"",""cls"":"""",""id"":"""",""w"":131,""cw"":131,""right"":480}]"
"ressources/activite-04-corrige-evaluation.html","768x1024","false","753","[{""tag"":""SECTION"",""cls"":""document-hero document-hero-critical"",""id"":"""",""w"":773,""cw"":713,""right"":733}]"
"ressources/activite-04-corrige-evaluation.html","1440x1000","false","1425","[{""tag"":""SECTION"",""cls"":""document-hero document-hero-critical"",""id"":"""",""w"":1180,""cw"":1120,""right"":1273}]"
"ressources/activite-04-exemple-production.html","375x812","false","375","[{""tag"":""SECTION"",""cls"":""document-hero document-hero-school"",""id"":"""",""w"":403,""cw"":343,""right"":359}]"
"ressources/activite-04-exemple-production.html","768x1024","false","753","[{""tag"":""SECTION"",""cls"":""document-hero document-hero-school"",""id"":"""",""w"":773,""cw"":713,""right"":733}]"
"ressources/activite-04-exemple-production.html","1440x1000","false","1425","[{""tag"":""SECTION"",""cls"":""document-hero document-hero-school"",""id"":"""",""w"":1180,""cw"":1120,""right"":1273}]"
"ressources/activite-04-fiche-eleve-classe.html","375x812","false","375","[{""tag"":""SECTION"",""cls"":""document-hero document-hero-school"",""id"":"""",""w"":403,""cw"":343,""right"":359},{""tag"":""TABLE"",""cls"":""observation-table"",""id"":"""",""w"":335,""cw"":297,""right"":336}]"
"ressources/activite-04-fiche-eleve-classe.html","768x1024","false","753","[{""tag"":""SECTION"",""cls"":""document-hero document-hero-school"",""id"":"""",""w"":773,""cw"":713,""right"":733}]"
"ressources/activite-04-fiche-eleve-classe.html","1440x1000","false","1425","[{""tag"":""SECTION"",""cls"":""document-hero document-hero-school"",""id"":"""",""w"":1180,""cw"":1120,""right"":1273}]"
"ressources/activite-04-fiche-eleve-musee.html","375x812","false","375","[{""tag"":""SECTION"",""cls"":""document-hero document-hero-museum"",""id"":"""",""w"":403,""cw"":343,""right"":359}]"
"ressources/activite-04-fiche-eleve-musee.html","768x1024","false","753","[{""tag"":""SECTION"",""cls"":""document-hero document-hero-museum"",""id"":"""",""w"":773,""cw"":713,""right"":733}]"
"ressources/activite-04-fiche-eleve-musee.html","1440x1000","false","1425","[{""tag"":""SECTION"",""cls"":""document-hero document-hero-museum"",""id"":"""",""w"":1180,""cw"":1120,""right"":1273}]"
"ressources/activite-04-fiche-observation.html","375x812","false","375","[{""tag"":""SECTION"",""cls"":""document-hero document-hero-school"",""id"":"""",""w"":403,""cw"":343,""right"":359},{""tag"":""TABLE"",""cls"":""observation-table"",""id"":"""",""w"":327,""cw"":297,""right"":336}]"
"ressources/activite-04-fiche-observation.html","768x1024","false","753","[{""tag"":""SECTION"",""cls"":""document-hero document-hero-school"",""id"":"""",""w"":773,""cw"":713,""right"":733}]"
"ressources/activite-04-fiche-observation.html","1440x1000","false","1425","[{""tag"":""SECTION"",""cls"":""document-hero document-hero-school"",""id"":"""",""w"":1180,""cw"":1120,""right"":1273}]"
"ressources/activite-04-grille-interpretation.html","375x812","false","375","[{""tag"":""SECTION"",""cls"":""document-hero document-hero-school"",""id"":"""",""w"":403,""cw"":343,""right"":359},{""tag"":""SECTION"",""cls"":""doc-section"",""id"":"""",""w"":964,""cw"":341,""right"":359},{""tag"":""TABLE"",""cls"":""observation-table interpretation-table"",""id"":"""",""w"":920,""cw"":920,""right"":959},{""tag"":""THEAD"",""cls"":"""",""id"":"""",""w"":919,""cw"":919,""right"":959},{""tag"":""TR"",""cls"":"""",""id"":"""",""w"":919,""cw"":919,""right"":959}]"
"ressources/activite-04-grille-interpretation.html","768x1024","false","753","[{""tag"":""SECTION"",""cls"":""document-hero document-hero-school"",""id"":"""",""w"":773,""cw"":713,""right"":733},{""tag"":""SECTION"",""cls"":""doc-section"",""id"":"""",""w"":972,""cw"":711,""right"":733},{""tag"":""TABLE"",""cls"":""observation-table interpretation-table"",""id"":"""",""w"":920,""cw"":920,""right"":967},{""tag"":""THEAD"",""cls"":"""",""id"":"""",""w"":919,""cw"":919,""right"":967},{""tag"":""TR"",""cls"":"""",""id"":"""",""w"":919,""cw"":919,""right"":967}]"
"ressources/activite-04-grille-interpretation.html","1440x1000","false","1425","[{""tag"":""SECTION"",""cls"":""document-hero document-hero-school"",""id"":"""",""w"":1180,""cw"":1120,""right"":1273}]"
"ressources/activite-04-guide-enseignant.html","375x812","false","375","[{""tag"":""SECTION"",""cls"":""document-hero document-hero-school"",""id"":"""",""w"":403,""cw"":343,""right"":359},{""tag"":""TABLE"",""cls"":""observation-table"",""id"":"""",""w"":475,""cw"":297,""right"":336},{""tag"":""CAPTION"",""cls"":"""",""id"":"""",""w"":475,""cw"":475,""right"":514},{""tag"":""THEAD"",""cls"":"""",""id"":"""",""w"":474,""cw"":474,""right"":513},{""tag"":""TR"",""cls"":"""",""id"":"""",""w"":474,""cw"":474,""right"":513}]"
"ressources/activite-04-guide-enseignant.html","768x1024","false","753","[{""tag"":""SECTION"",""cls"":""document-hero document-hero-school"",""id"":"""",""w"":773,""cw"":713,""right"":733}]"
"ressources/activite-04-guide-enseignant.html","1440x1000","false","1425","[{""tag"":""SECTION"",""cls"":""document-hero document-hero-school"",""id"":"""",""w"":1180,""cw"":1120,""right"":1273}]"
"ressources/activite-04-guide-musee.html","375x812","false","375","[{""tag"":""SECTION"",""cls"":""document-hero document-hero-museum"",""id"":"""",""w"":403,""cw"":343,""right"":359},{""tag"":""TABLE"",""cls"":""observation-table"",""id"":"""",""w"":340,""cw"":297,""right"":336},{""tag"":""THEAD"",""cls"":"""",""id"":"""",""w"":339,""cw"":339,""right"":378},{""tag"":""TR"",""cls"":"""",""id"":"""",""w"":339,""cw"":339,""right"":378},{""tag"":""TH"",""cls"":"""",""id"":"""",""w"":127,""cw"":127,""right"":378}]"
"ressources/activite-04-guide-musee.html","768x1024","false","753","[{""tag"":""SECTION"",""cls"":""document-hero document-hero-museum"",""id"":"""",""w"":773,""cw"":713,""right"":733}]"
"ressources/activite-04-guide-musee.html","1440x1000","false","1425","[{""tag"":""SECTION"",""cls"":""document-hero document-hero-museum"",""id"":"""",""w"":1180,""cw"":1120,""right"":1273}]"
"ressources/activite-04-prolongement-creation.html","375x812","false","375","[{""tag"":""SECTION"",""cls"":""document-hero document-hero-critical"",""id"":"""",""w"":403,""cw"":343,""right"":359}]"
"ressources/activite-04-prolongement-creation.html","768x1024","false","753","[{""tag"":""SECTION"",""cls"":""document-hero document-hero-critical"",""id"":"""",""w"":773,""cw"":713,""right"":733}]"
"ressources/activite-04-prolongement-creation.html","1440x1000","false","1425","[{""tag"":""SECTION"",""cls"":""document-hero document-hero-critical"",""id"":"""",""w"":1180,""cw"":1120,""right"":1273}]"
"ressources/activite-04-un-os-plusieurs-vies.html","375x812","false","375","[{""tag"":""SECTION"",""cls"":""document-hero document-hero-critical"",""id"":"""",""w"":403,""cw"":343,""right"":359},{""tag"":""TABLE"",""cls"":""observation-table"",""id"":"""",""w"":458,""cw"":297,""right"":336},{""tag"":""CAPTION"",""cls"":"""",""id"":"""",""w"":458,""cw"":458,""right"":497},{""tag"":""THEAD"",""cls"":"""",""id"":"""",""w"":457,""cw"":457,""right"":496},{""tag"":""TR"",""cls"":"""",""id"":"""",""w"":457,""cw"":457,""right"":496}]"
"ressources/activite-04-un-os-plusieurs-vies.html","768x1024","false","753","[{""tag"":""SECTION"",""cls"":""document-hero document-hero-critical"",""id"":"""",""w"":773,""cw"":713,""right"":733}]"
"ressources/activite-04-un-os-plusieurs-vies.html","1440x1000","false","1425","[{""tag"":""SECTION"",""cls"":""document-hero document-hero-critical"",""id"":"""",""w"":1180,""cw"":1120,""right"":1273}]"
"ressources/document-mission-astragale.html","375x812","false","375","[{""tag"":""SECTION"",""cls"":""document-hero document-hero-school"",""id"":"""",""w"":403,""cw"":343,""right"":359},{""tag"":""TABLE"",""cls"":""observation-table"",""id"":"""",""w"":578,""cw"":297,""right"":336},{""tag"":""CAPTION"",""cls"":"""",""id"":"""",""w"":578,""cw"":578,""right"":617},{""tag"":""THEAD"",""cls"":"""",""id"":"""",""w"":577,""cw"":577,""right"":617},{""tag"":""TR"",""cls"":"""",""id"":"""",""w"":577,""cw"":577,""right"":617}]"
"ressources/document-mission-astragale.html","768x1024","false","753","[{""tag"":""SECTION"",""cls"":""document-hero document-hero-school"",""id"":"""",""w"":773,""cw"":713,""right"":733}]"
"ressources/document-mission-astragale.html","1440x1000","false","1425","[{""tag"":""SECTION"",""cls"":""document-hero document-hero-school"",""id"":"""",""w"":1180,""cw"":1120,""right"":1273}]"
"ressources/document-musee-ou-est-l-os.html","375x812","false","375","[{""tag"":""SECTION"",""cls"":""document-hero document-hero-museum"",""id"":"""",""w"":403,""cw"":343,""right"":359},{""tag"":""TABLE"",""cls"":""observation-table"",""id"":"""",""w"":365,""cw"":297,""right"":336},{""tag"":""CAPTION"",""cls"":"""",""id"":"""",""w"":365,""cw"":365,""right"":404},{""tag"":""THEAD"",""cls"":"""",""id"":"""",""w"":364,""cw"":364,""right"":403},{""tag"":""TR"",""cls"":"""",""id"":"""",""w"":364,""cw"":364,""right"":403}]"
"ressources/document-musee-ou-est-l-os.html","768x1024","false","753","[{""tag"":""SECTION"",""cls"":""document-hero document-hero-museum"",""id"":"""",""w"":773,""cw"":713,""right"":733}]"
"ressources/document-musee-ou-est-l-os.html","1440x1000","false","1425","[{""tag"":""SECTION"",""cls"":""document-hero document-hero-museum"",""id"":"""",""w"":1180,""cw"":1120,""right"":1273}]"
"ressources/document-vrai-prudent-verifier.html","375x812","false","375","[{""tag"":""SECTION"",""cls"":""document-hero document-hero-critical"",""id"":"""",""w"":403,""cw"":343,""right"":359}]"
"ressources/document-vrai-prudent-verifier.html","768x1024","false","753","[{""tag"":""SECTION"",""cls"":""document-hero document-hero-critical"",""id"":"""",""w"":773,""cw"":713,""right"":733}]"
"ressources/document-vrai-prudent-verifier.html","1440x1000","false","1425","[{""tag"":""SECTION"",""cls"":""document-hero document-hero-critical"",""id"":"""",""w"":1180,""cw"":1120,""right"":1273}]"
"ressources/recit-achille-astragale.html","375x812","false","375","[]"
"ressources/recit-achille-astragale.html","768x1024","false","753","[]"
"ressources/recit-achille-astragale.html","1440x1000","false","1425","[]"