source_page,link_text,href,kind,target,local_exists,status,anchor_ok,notes,public_status
index.html,H Histoires d'os,#accueil,internal,index.html,yes,exists,yes,,200
index.html,Parcours,#parcours,internal,index.html,yes,exists,yes,,200
index.html,Activités,#activites,internal,index.html,yes,exists,yes,,200
index.html,Atelier,#atelier,internal,index.html,yes,exists,yes,,200
index.html,Ressources,#ressources,internal,index.html,yes,exists,yes,,200
index.html,Glossaire,#glossaire,internal,index.html,yes,exists,yes,,200
index.html,Recherche Langue FR DE IT EN Menu Archéozoologie et médiation Histoires d'os L'astragale n'est pas seulement un osselet ,#recherche,internal,index.html,yes,exists,yes,,200
index.html,Choisir un parcours,#parcours,internal,index.html,yes,exists,yes,,200
index.html,Consulter le glossaire Observer Identifier la forme et les indices visibles. Situer Replacer l'os dans le corps et dans ,#glossaire,internal,index.html,yes,exists,yes,,200
index.html,Ouvrir le dossier Musée Familles · groupes 30-45 min Activité 1 — Trouver l'astragale au musée Une mission de visite : p,ressources/activite-01-trouver-astragale.html#classe,internal,ressources/activite-01-trouver-astragale.html,yes,exists,yes,,200
index.html,Ouvrir le dossier École et musée 8-12 ans 45 min Activité 2 — À quel animal appartient cet astragale ? Les élèves observ,ressources/activite-01-trouver-astragale.html#musee,internal,ressources/activite-01-trouver-astragale.html,yes,exists,yes,,200
index.html,Ouvrir le dossier École et musée 8-12 ans 50 min ou 2 séances Activité 3 — Achille : comment une histoire se transforme-,ressources/activite-02-associer-astragale-animal.html,internal,ressources/activite-02-associer-astragale-animal.html,yes,exists,n/a,,200
index.html,"Ouvrir le dossier École et musée 8-12 ans 50 min ou 2 séances Activité 4 — Un os, plusieurs vies Les élèves observent de",ressources/activite-03-achille-histoire-transformee.html,internal,ressources/activite-03-achille-histoire-transformee.html,yes,exists,n/a,,200
index.html,"Ouvrir le dossier École 10-12 ans 30 min Vrai, prudent, à vérifier Les élèves trient des phrases sur l'osselet, Achille ",ressources/activite-04-un-os-plusieurs-vies.html,internal,ressources/activite-04-un-os-plusieurs-vies.html,yes,exists,n/a,,200
index.html,"Ouvrir le document Atelier de raisonnement Ce que l'on croyait, ce que l'on sait mieux aujourd'hui Le site installe un r",ressources/document-vrai-prudent-verifier.html,internal,ressources/document-vrai-prudent-verifier.html,yes,exists,n/a,,200
index.html,"01 Dossier complet — Activité 1 Page centrale avec fiches élèves, guides, corrigé, planche de repérage et suivi des vali",ressources/activite-01-trouver-astragale.html,internal,ressources/activite-01-trouver-astragale.html,yes,exists,n/a,,200
index.html,"02 Dossier complet — Activité 2 Cartes, fiches d'observation, grille d'association, guides adultes, correction raisonnée",ressources/activite-02-associer-astragale-animal.html,internal,ressources/activite-02-associer-astragale-animal.html,yes,exists,n/a,,200
index.html,"03 Dossier complet — Activité 3 Corpus d'images, schéma anatomique, questionnaire, cartes chronologiques, guides adultes",ressources/activite-03-achille-histoire-transformee.html,internal,ressources/activite-03-achille-histoire-transformee.html,yes,exists,n/a,,200
index.html,"04 Dossier complet — Activité 4 Cartes d'objets, cartes d'usages et de contextes, fiches d'observation, biographie d'obj",ressources/activite-04-un-os-plusieurs-vies.html,internal,ressources/activite-04-un-os-plusieurs-vies.html,yes,exists,n/a,,200
index.html,"05 Guide enseignant Déroulement complet, analyse a priori, relances, différenciation et évaluation formative.",ressources/document-mission-astragale.html,internal,ressources/document-mission-astragale.html,yes,exists,n/a,,200
index.html,"06 Guide du musée Organisation de station, contraintes de vitrine, sécurité, accessibilité et médiation orale.",ressources/document-musee-ou-est-l-os.html,internal,ressources/document-musee-ou-est-l-os.html,yes,exists,n/a,,200
index.html,"07 Fiche raisonnement Activité sourcée pour distinguer affirmation, hypothèse et récit trop simplifié.",ressources/document-vrai-prudent-verifier.html,internal,ressources/document-vrai-prudent-verifier.html,yes,exists,n/a,,200
index.html,"08 Glossaire de départ Termes essentiels pour éviter les confusions entre os, jeu, talus et astragale.",ressources/glossaire-depart.md,internal,ressources/glossaire-depart.md,yes,exists,n/a,markdown linked publicly,200
index.html,09 Corrigé raisonné Réponses-types qui expliquent le raisonnement plutôt que de donner seulement le résultat.,ressources/corrige-raisonne.md,internal,ressources/corrige-raisonne.md,yes,exists,n/a,markdown linked publicly,200
index.html,"10 Banque d'activités Activités visibles sur le site, prêtes à compléter avec images, cartes et modèles validés.",#activites,internal,index.html,yes,exists,yes,,200
index.html,"11 Petit livre d'ouverture Un récit illustré pour entrer dans l'astragale par Achille et le fameux ""talon"".",ressources/recit-achille-astragale.html,internal,ressources/recit-achille-astragale.html,yes,exists,n/a,,200
index.html,"12 Droits et sources Espace prévu pour les crédits, les références, les versions et les droits d'images. Modèles 3D Comp",#recherche,internal,index.html,yes,exists,yes,,200
index.html,↑,#accueil,internal,index.html,yes,exists,yes,,200
ressources/activite-01-corrige-evaluation.html,H Histoires d'os,activite-01-trouver-astragale.html,internal,ressources/activite-01-trouver-astragale.html,yes,exists,n/a,,200
ressources/activite-01-corrige-evaluation.html,Retour à l'activité Corrigé raisonné · Évaluation formative Corrigé et évaluation Ce corrigé explique le raisonnement at,activite-01-trouver-astragale.html,internal,ressources/activite-01-trouver-astragale.html,yes,exists,n/a,,200
ressources/activite-01-corrige-evaluation.html,Retour à l'activité Imprimer ou enregistrer en PDF Réponse anatomique attendue L'astragale se situe dans la région du ta,activite-01-trouver-astragale.html,internal,ressources/activite-01-trouver-astragale.html,yes,exists,n/a,,200
ressources/activite-01-exemple-production.html,H Histoires d'os,activite-01-trouver-astragale.html,internal,ressources/activite-01-trouver-astragale.html,yes,exists,n/a,,200
ressources/activite-01-exemple-production.html,Retour à l'activité Exemple commenté · Activité 1 Exemple de production attendue Ce texte fictif montre un raisonnement ,activite-01-trouver-astragale.html,internal,ressources/activite-01-trouver-astragale.html,yes,exists,n/a,,200
ressources/activite-01-exemple-production.html,Retour à l'activité Imprimer ou enregistrer en PDF Production fictive J'ai d'abord cherché près du bas de la patte posté,activite-01-trouver-astragale.html,internal,ressources/activite-01-trouver-astragale.html,yes,exists,n/a,,200
ressources/activite-01-fiche-eleve-classe.html,H Histoires d'os,activite-01-trouver-astragale.html,internal,ressources/activite-01-trouver-astragale.html,yes,exists,n/a,,200
ressources/activite-01-fiche-eleve-classe.html,Retour à l'activité Fiche élève · Classe Où se cache l'astragale ? Tu vas chercher une zone du pied sans commencer par a,activite-01-trouver-astragale.html,internal,ressources/activite-01-trouver-astragale.html,yes,exists,n/a,,200
ressources/activite-01-fiche-eleve-classe.html,"Retour à l'activité Imprimer ou enregistrer en PDF 1. Observer son propre mouvement Assis ou debout sans forcer, observe",activite-01-trouver-astragale.html,internal,ressources/activite-01-trouver-astragale.html,yes,exists,n/a,,200
ressources/activite-01-fiche-eleve-musee.html,H Histoires d'os,activite-01-trouver-astragale.html,internal,ressources/activite-01-trouver-astragale.html,yes,exists,n/a,,200
ressources/activite-01-fiche-eleve-musee.html,Retour à l'activité Fiche élève · Musée Trouver l'astragale au musée Ta mission est de retrouver la région dans laquelle,activite-01-trouver-astragale.html,internal,ressources/activite-01-trouver-astragale.html,yes,exists,n/a,,200
ressources/activite-01-fiche-eleve-musee.html,Retour à l'activité Imprimer ou enregistrer en PDF Avant de commencer Règle du musée Ne touche que les objets explicitem,activite-01-trouver-astragale.html,internal,ressources/activite-01-trouver-astragale.html,yes,exists,n/a,,200
ressources/activite-01-fiche-reperage.html,H Histoires d'os,activite-01-trouver-astragale.html,internal,ressources/activite-01-trouver-astragale.html,yes,exists,n/a,,200
ressources/activite-01-fiche-reperage.html,Retour à l'activité Planche imprimable · Activité 1 Repérer la région de l'astragale Cette planche sert à localiser une ,activite-01-trouver-astragale.html,internal,ressources/activite-01-trouver-astragale.html,yes,exists,n/a,,200
ressources/activite-01-fiche-reperage.html,"Retour à l'activité Imprimer ou enregistrer en PDF Consigne Pour chaque mammifère, place un repère dans la région où tu ",activite-01-trouver-astragale.html,internal,ressources/activite-01-trouver-astragale.html,yes,exists,n/a,,200
ressources/activite-01-trouver-astragale.html,H Histoires d'os,../index.html#activites,internal,index.html,yes,exists,yes,,200
ressources/activite-01-trouver-astragale.html,Retour aux activités Dossier pédagogique · Activité 1 Trouver l'astragale Cette activité transforme un petit os en enquê,../index.html#activites,internal,index.html,yes,exists,yes,,200
ressources/activite-01-trouver-astragale.html,Retour au site Imprimer ou enregistrer en PDF Principe de l'enquête L'astragale est présenté comme un os du tarse situé ,../index.html#activites,internal,index.html,yes,exists,yes,,200
ressources/activite-01-trouver-astragale.html,"01 Fiche élève — musée Mission devant un squelette, une vitrine, un modèle ou une photographie.",activite-01-fiche-eleve-musee.html,internal,ressources/activite-01-fiche-eleve-musee.html,yes,exists,n/a,,200
ressources/activite-01-trouver-astragale.html,"02 Fiche élève — classe Observation du mouvement, document anatomique et explication courte.",activite-01-fiche-eleve-classe.html,internal,ressources/activite-01-fiche-eleve-classe.html,yes,exists,n/a,,200
ressources/activite-01-trouver-astragale.html,"03 Planche de repérage Zones à annoter pour humain, mouton et troisième mammifère à valider.",activite-01-fiche-reperage.html,internal,ressources/activite-01-fiche-reperage.html,yes,exists,n/a,,200
ressources/activite-01-trouver-astragale.html,"04 Guide enseignant Déroulement, analyse a priori, relances, différenciation et évaluation.",document-mission-astragale.html,internal,ressources/document-mission-astragale.html,yes,exists,n/a,,200
ressources/activite-01-trouver-astragale.html,"05 Guide du musée Organisation d'une station, contraintes de collection et médiation orale.",document-musee-ou-est-l-os.html,internal,ressources/document-musee-ou-est-l-os.html,yes,exists,n/a,,200
ressources/activite-01-trouver-astragale.html,"06 Corrigé et évaluation Raisonnement attendu, grille formative et relances associées.",activite-01-corrige-evaluation.html,internal,ressources/activite-01-corrige-evaluation.html,yes,exists,n/a,,200
ressources/activite-01-trouver-astragale.html,07 Exemple de production Réponse fictive d'élève avec annotations discrètes. Bloc 3D réservé Modèle à intégrer Modèle 3D,activite-01-exemple-production.html,internal,ressources/activite-01-exemple-production.html,yes,exists,n/a,,200
ressources/activite-01-trouver-astragale.html,assets/activite-01/README.md . Sources scientifiques principales,../assets/activite-01/README.md,internal,assets/activite-01/README.md,yes,exists,n/a,markdown linked publicly,200
ressources/activite-01-trouver-astragale.html,"NCBI Bookshelf, Anatomy, Bony Pelvis and Lower Limb: Foot Talus : repères anatomiques sur le talus, ses articulations et",https://www.ncbi.nlm.nih.gov/books/NBK541086/,external,https://www.ncbi.nlm.nih.gov/books/NBK541086/,n/a,200,n/a,,n/a
ressources/activite-01-trouver-astragale.html,"Ünal et al., 2025, Animals , Shape and Size Variations in the Astragalus of Large and Small Bovids : étude ouverte sur l",https://pmc.ncbi.nlm.nih.gov/articles/PMC11816053/,external,https://pmc.ncbi.nlm.nih.gov/articles/PMC11816053/,n/a,200,n/a,,n/a
ressources/activite-01-trouver-astragale.html,"National Research Council, 2009, Learning Science in Informal Environments : appui pour les apprentissages scientifiques",https://nap.nationalacademies.org/catalog/12190/learning-science-in-informal-environments-people-places-and-pursuits,external,https://nap.nationalacademies.org/catalog/12190/learning-science-in-informal-environments-people-places-and-pursuits,n/a,200,n/a,,n/a
ressources/activite-01-trouver-astragale.html,Plan d'études romand : correspondances à vérifier avec les objectifs officiels avant l'ajout de codes précis.,https://www.plandetudes.ch/,external,https://www.plandetudes.ch/,n/a,200,n/a,,n/a
ressources/activite-02-associer-astragale-animal.html,H Histoires d'os,../index.html#activites,internal,index.html,yes,exists,yes,,200
ressources/activite-02-associer-astragale-animal.html,Retour aux activités Dossier pédagogique · Activité 2 À quel animal appartient cet astragale ? Cette activité invite les,../index.html#activites,internal,index.html,yes,exists,yes,,200
ressources/activite-02-associer-astragale-animal.html,Retour au site Imprimer ou enregistrer en PDF Question directrice Comment peut-on associer un os à un animal sans se fie,../index.html#activites,internal,index.html,yes,exists,yes,,200
ressources/activite-02-associer-astragale-animal.html,"01 Fiche élève — musée Enquête courte ou complète avec objets pédagogiques, vitrines ou photographies.",activite-02-fiche-eleve-musee.html,internal,ressources/activite-02-fiche-eleve-musee.html,yes,exists,n/a,,200
ressources/activite-02-associer-astragale-animal.html,"02 Fiche élève — classe Observation, critères, classement libre, association et argumentation.",activite-02-fiche-eleve-classe.html,internal,ressources/activite-02-fiche-eleve-classe.html,yes,exists,n/a,,200
ressources/activite-02-associer-astragale-animal.html,03 Cartes des animaux Cartes découpables avec codes neutres et zones de validation adulte.,activite-02-cartes-animaux.html,internal,ressources/activite-02-cartes-animaux.html,yes,exists,n/a,,200
ressources/activite-02-associer-astragale-animal.html,"04 Cartes des astragales Os A à D, vues à remplacer par des images validées et orientées.",activite-02-cartes-astragales.html,internal,ressources/activite-02-cartes-astragales.html,yes,exists,n/a,,200
ressources/activite-02-associer-astragale-animal.html,05 Grille d'association Support de groupe et version individuelle avec certitude et limites.,activite-02-grille-association.html,internal,ressources/activite-02-grille-association.html,yes,exists,n/a,,200
ressources/activite-02-associer-astragale-animal.html,"06 Guide enseignant Déroulement, analyse a priori, relances, différenciation et sources.",activite-02-guide-enseignant.html,internal,ressources/activite-02-guide-enseignant.html,yes,exists,n/a,,200
ressources/activite-02-associer-astragale-animal.html,"07 Guide du musée Répliques, vitrines, circulation, conservation et médiation orale.",activite-02-guide-musee.html,internal,ressources/activite-02-guide-musee.html,yes,exists,n/a,,200
ressources/activite-02-associer-astragale-animal.html,08 Corrigé et évaluation Structure de correction raisonnée à compléter après validation du jeu.,activite-02-corrige-evaluation.html,internal,ressources/activite-02-corrige-evaluation.html,yes,exists,n/a,,200
ressources/activite-02-associer-astragale-animal.html,"09 Exemple de production attendue Production fictive montrant observation, révision et prudence. Modèles 3D et répliques",activite-02-exemple-production.html,internal,ressources/activite-02-exemple-production.html,yes,exists,n/a,,200
ressources/activite-02-associer-astragale-animal.html,assets/activite-02/README.md . Sources scientifiques principales,../assets/activite-02/README.md,internal,assets/activite-02/README.md,yes,exists,n/a,markdown linked publicly,200
ressources/activite-02-associer-astragale-animal.html,"NCBI Bookshelf, Anatomy, Bony Pelvis and Lower Limb: Talus : repères anatomiques sur le talus/astragale.",https://www.ncbi.nlm.nih.gov/books/NBK541086/,external,https://www.ncbi.nlm.nih.gov/books/NBK541086/,n/a,200,n/a,,n/a
ressources/activite-02-associer-astragale-animal.html,"Ünal et al., 2025, Animals , Shape and Size Variations in the Astragalus of Large and Small Bovids : exemple de comparai",https://pmc.ncbi.nlm.nih.gov/articles/PMC11816053/,external,https://pmc.ncbi.nlm.nih.gov/articles/PMC11816053/,n/a,200,n/a,,n/a
ressources/activite-02-associer-astragale-animal.html,"National Research Council, 2009, Learning Science in Informal Environments : apprentissages scientifiques actifs et situ",https://nap.nationalacademies.org/catalog/12190/learning-science-in-informal-environments-people-places-and-pursuits,external,https://nap.nationalacademies.org/catalog/12190/learning-science-in-informal-environments-people-places-and-pursuits,n/a,200,n/a,,n/a
ressources/activite-02-associer-astragale-animal.html,Plan d'études romand : correspondances à vérifier avant l'ajout de codes précis.,https://www.plandetudes.ch/,external,https://www.plandetudes.ch/,n/a,200,n/a,,n/a
ressources/activite-02-cartes-animaux.html,H Histoires d'os,activite-02-associer-astragale-animal.html,internal,ressources/activite-02-associer-astragale-animal.html,yes,exists,n/a,,200
ressources/activite-02-cartes-animaux.html,Retour à l'activité Cartes imprimables · Activité 2 Cartes des animaux Ces cartes sont prévues pour trois animaux de bas,activite-02-associer-astragale-animal.html,internal,ressources/activite-02-associer-astragale-animal.html,yes,exists,n/a,,200
ressources/activite-02-cartes-animaux.html,Retour à l'activité Imprimer ou enregistrer en PDF Notice Le recto ne doit pas révéler l'association avec les os. Les in,activite-02-associer-astragale-animal.html,internal,ressources/activite-02-associer-astragale-animal.html,yes,exists,n/a,,200
ressources/activite-02-cartes-astragales.html,H Histoires d'os,activite-02-associer-astragale-animal.html,internal,ressources/activite-02-associer-astragale-animal.html,yes,exists,n/a,,200
ressources/activite-02-cartes-astragales.html,Retour à l'activité Cartes imprimables · Activité 2 Cartes des astragales Les astragales sont présentés sous codes neutr,activite-02-associer-astragale-animal.html,internal,ressources/activite-02-associer-astragale-animal.html,yes,exists,n/a,,200
ressources/activite-02-cartes-astragales.html,Retour à l'activité Imprimer ou enregistrer en PDF Consigne d'usage Le texte alternatif et les crédits élèves ne doivent,activite-02-associer-astragale-animal.html,internal,ressources/activite-02-associer-astragale-animal.html,yes,exists,n/a,,200
ressources/activite-02-corrige-evaluation.html,H Histoires d'os,activite-02-associer-astragale-animal.html,internal,ressources/activite-02-associer-astragale-animal.html,yes,exists,n/a,,200
ressources/activite-02-corrige-evaluation.html,Retour à l'activité Corrigé raisonné · Activité 2 Corrigé et évaluation Ce document ne fournit pas de paires définitives,activite-02-associer-astragale-animal.html,internal,ressources/activite-02-associer-astragale-animal.html,yes,exists,n/a,,200
ressources/activite-02-corrige-evaluation.html,Retour à l'activité Imprimer ou enregistrer en PDF Tableau de correction à compléter après validation Correction raisonn,activite-02-associer-astragale-animal.html,internal,ressources/activite-02-associer-astragale-animal.html,yes,exists,n/a,,200
ressources/activite-02-exemple-production.html,H Histoires d'os,activite-02-associer-astragale-animal.html,internal,ressources/activite-02-associer-astragale-animal.html,yes,exists,n/a,,200
ressources/activite-02-exemple-production.html,Retour à l'activité Exemple commenté · Activité 2 Exemple de production attendue Cette production fictive montre le type,activite-02-associer-astragale-animal.html,internal,ressources/activite-02-associer-astragale-animal.html,yes,exists,n/a,,200
ressources/activite-02-exemple-production.html,Retour à l'activité Imprimer ou enregistrer en PDF Grille fictive complétée Exemple d'un élève d'environ 10 ou 11 ans Os,activite-02-associer-astragale-animal.html,internal,ressources/activite-02-associer-astragale-animal.html,yes,exists,n/a,,200
ressources/activite-02-fiche-eleve-classe.html,H Histoires d'os,activite-02-associer-astragale-animal.html,internal,ressources/activite-02-associer-astragale-animal.html,yes,exists,n/a,,200
ressources/activite-02-fiche-eleve-classe.html,Retour à l'activité Fiche élève · Classe Comparer des astragales — Retrouve leur animal Tu vas observer des astragales c,activite-02-associer-astragale-animal.html,internal,ressources/activite-02-associer-astragale-animal.html,yes,exists,n/a,,200
ressources/activite-02-fiche-eleve-classe.html,Retour à l'activité Imprimer ou enregistrer en PDF Phase 1 — Observation individuelle Ce que je vois Formes importantes ,activite-02-associer-astragale-animal.html,internal,ressources/activite-02-associer-astragale-animal.html,yes,exists,n/a,,200
ressources/activite-02-fiche-eleve-classe.html,Utiliser la grille d'association Phase 5 — Confrontation aux squelettes ou aux pattes Où se situe l'astragale dans le me,activite-02-grille-association.html,internal,ressources/activite-02-grille-association.html,yes,exists,n/a,,200
ressources/activite-02-fiche-eleve-musee.html,H Histoires d'os,activite-02-associer-astragale-animal.html,internal,ressources/activite-02-associer-astragale-animal.html,yes,exists,n/a,,200
ressources/activite-02-fiche-eleve-musee.html,"Retour à l'activité Fiche élève · Musée Enquête au musée — Quel animal a porté cet os ? Observe des os codés, compare le",activite-02-associer-astragale-animal.html,internal,ressources/activite-02-associer-astragale-animal.html,yes,exists,n/a,,200
ressources/activite-02-fiche-eleve-musee.html,Retour à l'activité Imprimer ou enregistrer en PDF Avant de commencer Règle du musée Ne touche que les objets explicitem,activite-02-associer-astragale-animal.html,internal,ressources/activite-02-associer-astragale-animal.html,yes,exists,n/a,,200
ressources/activite-02-grille-association.html,H Histoires d'os,activite-02-associer-astragale-animal.html,internal,ressources/activite-02-associer-astragale-animal.html,yes,exists,n/a,,200
ressources/activite-02-grille-association.html,"Retour à l'activité Grille imprimable · Activité 2 Associer, justifier, vérifier Cette grille peut recevoir des cartes p",activite-02-associer-astragale-animal.html,internal,ressources/activite-02-associer-astragale-animal.html,yes,exists,n/a,,200
ressources/activite-02-grille-association.html,Retour à l'activité Imprimer ou enregistrer en PDF Version groupe Associations discutées par le groupe Astragale Animal ,activite-02-associer-astragale-animal.html,internal,ressources/activite-02-associer-astragale-animal.html,yes,exists,n/a,,200
ressources/activite-02-guide-enseignant.html,H Histoires d'os,activite-02-associer-astragale-animal.html,internal,ressources/activite-02-associer-astragale-animal.html,yes,exists,n/a,,200
ressources/activite-02-guide-enseignant.html,Retour à l'activité Guide enseignant · Activité 2 À quel animal appartient cet astragale ? Un guide pour organiser une c,activite-02-associer-astragale-animal.html,internal,ressources/activite-02-associer-astragale-animal.html,yes,exists,n/a,,200
ressources/activite-02-guide-enseignant.html,Retour à l'activité,activite-02-associer-astragale-animal.html,internal,ressources/activite-02-associer-astragale-animal.html,yes,exists,n/a,,200
ressources/activite-02-guide-enseignant.html,Fiche élève classe Imprimer ou enregistrer en PDF Présentation Question directrice : comment associer un os à un animal ,activite-02-fiche-eleve-classe.html,internal,ressources/activite-02-fiche-eleve-classe.html,yes,exists,n/a,,200
ressources/activite-02-guide-enseignant.html,"NCBI Bookshelf, Talus : anatomie du talus/astragale.",https://www.ncbi.nlm.nih.gov/books/NBK541086/,external,https://www.ncbi.nlm.nih.gov/books/NBK541086/,n/a,200,n/a,,n/a
ressources/activite-02-guide-enseignant.html,"Ünal et al., 2025, Animals : variation de forme des astragales de bovidés.",https://pmc.ncbi.nlm.nih.gov/articles/PMC11816053/,external,https://pmc.ncbi.nlm.nih.gov/articles/PMC11816053/,n/a,200,n/a,,n/a
ressources/activite-02-guide-enseignant.html,"National Research Council, 2009 : apprentissages scientifiques en environnement informel.",https://nap.nationalacademies.org/catalog/12190/learning-science-in-informal-environments-people-places-and-pursuits,external,https://nap.nationalacademies.org/catalog/12190/learning-science-in-informal-environments-people-places-and-pursuits,n/a,200,n/a,,n/a
ressources/activite-02-guide-enseignant.html,Plan d'études romand : correspondances à vérifier avant tout code précis.,https://www.plandetudes.ch/,external,https://www.plandetudes.ch/,n/a,200,n/a,,n/a
ressources/activite-02-guide-musee.html,H Histoires d'os,activite-02-associer-astragale-animal.html,internal,ressources/activite-02-associer-astragale-animal.html,yes,exists,n/a,,200
ressources/activite-02-guide-musee.html,Retour à l'activité Guide de médiation · Activité 2 Comparer des astragales au musée Un guide pour animer une station de,activite-02-associer-astragale-animal.html,internal,ressources/activite-02-associer-astragale-animal.html,yes,exists,n/a,,200
ressources/activite-02-guide-musee.html,Retour à l'activité,activite-02-associer-astragale-animal.html,internal,ressources/activite-02-associer-astragale-animal.html,yes,exists,n/a,,200
ressources/activite-02-guide-musee.html,"Fiche élève musée Imprimer ou enregistrer en PDF Objectifs Faire observer de vrais objets, des répliques ou des images v",activite-02-fiche-eleve-musee.html,internal,ressources/activite-02-fiche-eleve-musee.html,yes,exists,n/a,,200
ressources/activite-03-achille-histoire-transformee.html,H Histoires d'os,../index.html#activites,internal,index.html,yes,exists,yes,,200
ressources/activite-03-achille-histoire-transformee.html,Retour aux activités Dossier pédagogique · Activité 3 Achille : comment une histoire se transforme-t-elle ? Les élèves p,../index.html#activites,internal,index.html,yes,exists,yes,,200
ressources/activite-03-achille-histoire-transformee.html,Retour au site Imprimer ou enregistrer en PDF Une enquête sur les récits Le but n'est pas de décider qu'une histoire est,../index.html#activites,internal,index.html,yes,exists,yes,,200
ressources/activite-03-achille-histoire-transformee.html,"Lire le récit d'ouverture Atelier critique existant L'atelier ""Vrai, prudent, à vérifier"" complète l'activité en travail",recit-achille-astragale.html,internal,ressources/recit-achille-astragale.html,yes,exists,n/a,,200
ressources/activite-03-achille-histoire-transformee.html,Ouvrir l'atelier critique Documents imprimables,document-vrai-prudent-verifier.html,internal,ressources/document-vrai-prudent-verifier.html,yes,exists,n/a,,200
ressources/activite-03-achille-histoire-transformee.html,01 Lire le récit d'ouverture Album introductif existant.,recit-achille-astragale.html,internal,ressources/recit-achille-astragale.html,yes,exists,n/a,,200
ressources/activite-03-achille-histoire-transformee.html,02 Fiche élève — musée Deux stations : corps et récits.,activite-03-fiche-eleve-musee.html,internal,ressources/activite-03-fiche-eleve-musee.html,yes,exists,n/a,,200
ressources/activite-03-achille-histoire-transformee.html,03 Fiche élève — classe Enquête puis album collectif.,activite-03-fiche-eleve-classe.html,internal,ressources/activite-03-fiche-eleve-classe.html,yes,exists,n/a,,200
ressources/activite-03-achille-histoire-transformee.html,04 Corpus d'images Documents à observer avec métadonnées adultes.,activite-03-corpus-images.html,internal,ressources/activite-03-corpus-images.html,yes,exists,n/a,,200
ressources/activite-03-achille-histoire-transformee.html,05 Schéma du talus Fiche anatomique avec emplacement validé.,activite-03-schema-talus.html,internal,ressources/activite-03-schema-talus.html,yes,exists,n/a,,200
ressources/activite-03-achille-histoire-transformee.html,06 Cartes chronologiques Classement des transformations du récit.,activite-03-cartes-chronologiques.html,internal,ressources/activite-03-cartes-chronologiques.html,yes,exists,n/a,,200
ressources/activite-03-achille-histoire-transformee.html,07 Questionnaire Questions progressives 8-10 et 10-12 ans.,activite-03-questionnaire.html,internal,ressources/activite-03-questionnaire.html,yes,exists,n/a,,200
ressources/activite-03-achille-histoire-transformee.html,08 Modèle d'album collectif Pages prêtes à imprimer et remplir.,activite-03-album-classe.html,internal,ressources/activite-03-album-classe.html,yes,exists,n/a,,200
ressources/activite-03-achille-histoire-transformee.html,"09 Guide enseignant Déroulement, relances et analyse a priori.",activite-03-guide-enseignant.html,internal,ressources/activite-03-guide-enseignant.html,yes,exists,n/a,,200
ressources/activite-03-achille-histoire-transformee.html,10 Guide du musée Stations et contraintes de médiation.,activite-03-guide-musee.html,internal,ressources/activite-03-guide-musee.html,yes,exists,n/a,,200
ressources/activite-03-achille-histoire-transformee.html,"11 Corrigé et évaluation Chronologie, questionnaire et grille formative.",activite-03-corrige-evaluation.html,internal,ressources/activite-03-corrige-evaluation.html,yes,exists,n/a,,200
ressources/activite-03-achille-histoire-transformee.html,"12 Exemple de production Chronologie, questionnaire et page d'album fictive.",activite-03-exemple-production.html,internal,ressources/activite-03-exemple-production.html,yes,exists,n/a,,200
ressources/activite-03-achille-histoire-transformee.html,13 Prolongement avec illustration IA Cadre critique et traçabilité.,activite-03-prolongement-illustration-ia.html,internal,ressources/activite-03-prolongement-illustration-ia.html,yes,exists,n/a,,200
ressources/activite-03-achille-histoire-transformee.html,"14 Atelier « Vrai, prudent, à vérifier » Ressource critique complémentaire. Limites scientifiques La tradition moderne d",document-vrai-prudent-verifier.html,internal,ressources/document-vrai-prudent-verifier.html,yes,exists,n/a,,200
ressources/activite-03-achille-histoire-transformee.html,"Barbara Carè, 2025, From the astragalus to the heel : discussion savante sur les images, le ""talon"", talus et l'astragal",https://academic.oup.com/bics/article/68/1/1/8101479,external,https://academic.oup.com/bics/article/68/1/1/8101479,n/a,403,n/a,,n/a
ressources/activite-03-achille-histoire-transformee.html,"van Drie & van Boxtel, 2008 : cadre sur le raisonnement historique et les sources.",https://link.springer.com/article/10.1007/s10649-007-9098-3,external,https://link.springer.com/article/10.1007/s10649-007-9098-3,n/a,404,n/a,,n/a
ressources/activite-03-achille-histoire-transformee.html,"NCBI Bookshelf, Talus : repère anatomique pour le talus/astragale.",https://www.ncbi.nlm.nih.gov/books/NBK541086/,external,https://www.ncbi.nlm.nih.gov/books/NBK541086/,n/a,200,n/a,,n/a
ressources/activite-03-achille-histoire-transformee.html,"assets/activite-03/README.md : suivi des images, licences et validations.",../assets/activite-03/README.md,internal,assets/activite-03/README.md,yes,exists,n/a,markdown linked publicly,200
ressources/activite-03-album-classe.html,H Histoires d'os,activite-03-achille-histoire-transformee.html,internal,ressources/activite-03-achille-histoire-transformee.html,yes,exists,n/a,,200
ressources/activite-03-album-classe.html,Retour à l'activité Production finale · Activité 3 Construire un petit album documentaire Chaque groupe produit une page,activite-03-achille-histoire-transformee.html,internal,ressources/activite-03-achille-histoire-transformee.html,yes,exists,n/a,,200
ressources/activite-03-album-classe.html,Retour à l'activité,activite-03-achille-histoire-transformee.html,internal,ressources/activite-03-achille-histoire-transformee.html,yes,exists,n/a,,200
ressources/activite-03-album-classe.html,"Voir un exemple Imprimer ou enregistrer en PDF Structure proposée 1 Couverture Titre collectif, classe, date, image d'ou",activite-03-exemple-production.html,internal,ressources/activite-03-exemple-production.html,yes,exists,n/a,,200
ressources/activite-03-cartes-chronologiques.html,H Histoires d'os,activite-03-achille-histoire-transformee.html,internal,ressources/activite-03-achille-histoire-transformee.html,yes,exists,n/a,,200
ressources/activite-03-cartes-chronologiques.html,Retour à l'activité Cartes imprimables · Activité 3 Une histoire qui change de forme Les cartes aident à comprendre que ,activite-03-achille-histoire-transformee.html,internal,ressources/activite-03-achille-histoire-transformee.html,yes,exists,n/a,,200
ressources/activite-03-cartes-chronologiques.html,Retour à l'activité Imprimer ou enregistrer en PDF Consigne Découper les cartes. Les élèves les classent d'abord libreme,activite-03-achille-histoire-transformee.html,internal,ressources/activite-03-achille-histoire-transformee.html,yes,exists,n/a,,200
ressources/activite-03-corpus-images.html,H Histoires d'os,activite-03-achille-histoire-transformee.html,internal,ressources/activite-03-achille-histoire-transformee.html,yes,exists,n/a,,200
ressources/activite-03-corpus-images.html,Retour à l'activité Corpus · Activité 3 Images et documents à interroger Ce corpus sert à apprendre une règle simple : u,activite-03-achille-histoire-transformee.html,internal,ressources/activite-03-achille-histoire-transformee.html,yes,exists,n/a,,200
ressources/activite-03-corpus-images.html,Retour à l'activité,activite-03-achille-histoire-transformee.html,internal,ressources/activite-03-achille-histoire-transformee.html,yes,exists,n/a,,200
ressources/activite-03-corpus-images.html,"Suivi des images Imprimer ou enregistrer en PDF Mode d'emploi Pour les élèves, garder des légendes courtes qui ne donnen",../assets/activite-03/README.md,internal,assets/activite-03/README.md,yes,exists,n/a,markdown linked publicly,200
ressources/activite-03-corpus-images.html,"Barbara Carè, 2025, From the astragalus to the heel : discussion sur les images, talus et la réception du talon d'Achill",https://academic.oup.com/bics/article/68/1/1/8101479,external,https://academic.oup.com/bics/article/68/1/1/8101479,n/a,403,n/a,,n/a
ressources/activite-03-corpus-images.html,"NCBI Bookshelf, Talus : repère anatomique moderne.",https://www.ncbi.nlm.nih.gov/books/NBK541086/,external,https://www.ncbi.nlm.nih.gov/books/NBK541086/,n/a,200,n/a,,n/a
ressources/activite-03-corpus-images.html,"assets/activite-03/README.md : liste des images à rechercher, vérifier et créditer.",../assets/activite-03/README.md,internal,assets/activite-03/README.md,yes,exists,n/a,markdown linked publicly,200
ressources/activite-03-corrige-evaluation.html,H Histoires d'os,activite-03-achille-histoire-transformee.html,internal,ressources/activite-03-achille-histoire-transformee.html,yes,exists,n/a,,200
ressources/activite-03-corrige-evaluation.html,Retour à l'activité Corrigé raisonné · Activité 3 Réponses attendues et évaluation Le corrigé valorise la prudence : une,activite-03-achille-histoire-transformee.html,internal,ressources/activite-03-achille-histoire-transformee.html,yes,exists,n/a,,200
ressources/activite-03-corrige-evaluation.html,Retour à l'activité,activite-03-achille-histoire-transformee.html,internal,ressources/activite-03-achille-histoire-transformee.html,yes,exists,n/a,,200
ressources/activite-03-corrige-evaluation.html,Questionnaire Imprimer ou enregistrer en PDF Questionnaire : réponses attendues Repères de correction Question Réponse a,activite-03-questionnaire.html,internal,ressources/activite-03-questionnaire.html,yes,exists,n/a,,200
ressources/activite-03-exemple-production.html,H Histoires d'os,activite-03-achille-histoire-transformee.html,internal,ressources/activite-03-achille-histoire-transformee.html,yes,exists,n/a,,200
ressources/activite-03-exemple-production.html,Retour à l'activité Exemple commenté · Activité 3 Une page d'album possible Un modèle fictif pour montrer le niveau atte,activite-03-achille-histoire-transformee.html,internal,ressources/activite-03-achille-histoire-transformee.html,yes,exists,n/a,,200
ressources/activite-03-exemple-production.html,Retour à l'activité Imprimer ou enregistrer en PDF Exemple élève Achille : du talon au petit os On connaît souvent l'exp,activite-03-achille-histoire-transformee.html,internal,ressources/activite-03-achille-histoire-transformee.html,yes,exists,n/a,,200
ressources/activite-03-fiche-eleve-classe.html,H Histoires d'os,activite-03-achille-histoire-transformee.html,internal,ressources/activite-03-achille-histoire-transformee.html,yes,exists,n/a,,200
ressources/activite-03-fiche-eleve-classe.html,Retour à l'activité Fiche élève · Classe Achille : comment une histoire se transforme-t-elle ? Tu vas étudier une expres,activite-03-achille-histoire-transformee.html,internal,ressources/activite-03-achille-histoire-transformee.html,yes,exists,n/a,,200
ressources/activite-03-fiche-eleve-classe.html,Retour à l'activité,activite-03-achille-histoire-transformee.html,internal,ressources/activite-03-achille-histoire-transformee.html,yes,exists,n/a,,200
ressources/activite-03-fiche-eleve-classe.html,"Modèle d'album Imprimer ou enregistrer en PDF Phase 1 — Ce que je crois savoir Avant l'enquête, écris ou dessine ce que ",activite-03-album-classe.html,internal,ressources/activite-03-album-classe.html,yes,exists,n/a,,200
ressources/activite-03-fiche-eleve-classe.html,"Ouvrir le schéma Phase 4 — La chronologie Classe les cartes dans un ordre possible. Attention : les sources, les images ",activite-03-schema-talus.html,internal,ressources/activite-03-schema-talus.html,yes,exists,n/a,,200
ressources/activite-03-fiche-eleve-classe.html,"Ouvrir les cartes Phase 5 — Rédiger avec prudence Choisis une phrase trop rapide, puis transforme-la en phrase d'histori",activite-03-cartes-chronologiques.html,internal,ressources/activite-03-cartes-chronologiques.html,yes,exists,n/a,,200
ressources/activite-03-fiche-eleve-musee.html,H Histoires d'os,activite-03-achille-histoire-transformee.html,internal,ressources/activite-03-achille-histoire-transformee.html,yes,exists,n/a,,200
ressources/activite-03-fiche-eleve-musee.html,Retour à l'activité Fiche élève · Musée Achille et le petit os : enquête en deux stations Tu vas partir d'une histoire c,activite-03-achille-histoire-transformee.html,internal,ressources/activite-03-achille-histoire-transformee.html,yes,exists,n/a,,200
ressources/activite-03-fiche-eleve-musee.html,Retour à l'activité,activite-03-achille-histoire-transformee.html,internal,ressources/activite-03-achille-histoire-transformee.html,yes,exists,n/a,,200
ressources/activite-03-fiche-eleve-musee.html,Schéma du talus Imprimer ou enregistrer en PDF Station 1 — Le corps Observe le schéma ou l'objet présenté. Où se situe l,activite-03-schema-talus.html,internal,ressources/activite-03-schema-talus.html,yes,exists,n/a,,200
ressources/activite-03-guide-enseignant.html,H Histoires d'os,activite-03-achille-histoire-transformee.html,internal,ressources/activite-03-achille-histoire-transformee.html,yes,exists,n/a,,200
ressources/activite-03-guide-enseignant.html,Retour à l'activité Guide enseignant · Activité 3 Achille : comment une histoire se transforme-t-elle ? Un guide pour fa,activite-03-achille-histoire-transformee.html,internal,ressources/activite-03-achille-histoire-transformee.html,yes,exists,n/a,,200
ressources/activite-03-guide-enseignant.html,Retour à l'activité,activite-03-achille-histoire-transformee.html,internal,ressources/activite-03-achille-histoire-transformee.html,yes,exists,n/a,,200
ressources/activite-03-guide-enseignant.html,Fiche élève Imprimer ou enregistrer en PDF Question directrice Comment une histoire ancienne peut-elle changer quand ell,activite-03-fiche-eleve-classe.html,internal,ressources/activite-03-fiche-eleve-classe.html,yes,exists,n/a,,200
ressources/activite-03-guide-enseignant.html,"Barbara Carè, 2025, From the astragalus to the heel: revisiting the anatomy of Achilles' mythical invulnerability .",https://academic.oup.com/bics/article/68/1/1/8101479,external,https://academic.oup.com/bics/article/68/1/1/8101479,n/a,403,n/a,,n/a
ressources/activite-03-guide-enseignant.html,"van Drie & van Boxtel, 2008 : raisonnement historique, sources et contextualisation.",https://link.springer.com/article/10.1007/s10649-007-9098-3,external,https://link.springer.com/article/10.1007/s10649-007-9098-3,n/a,404,n/a,,n/a
ressources/activite-03-guide-enseignant.html,"NCBI Bookshelf, Talus : repères anatomiques.",https://www.ncbi.nlm.nih.gov/books/NBK541086/,external,https://www.ncbi.nlm.nih.gov/books/NBK541086/,n/a,200,n/a,,n/a
ressources/activite-03-guide-musee.html,H Histoires d'os,activite-03-achille-histoire-transformee.html,internal,ressources/activite-03-achille-histoire-transformee.html,yes,exists,n/a,,200
ressources/activite-03-guide-musee.html,"Retour à l'activité Guide de médiation · Activité 3 Faire enquêter sans tout raconter Un format court pour vitrine, atel",activite-03-achille-histoire-transformee.html,internal,ressources/activite-03-achille-histoire-transformee.html,yes,exists,n/a,,200
ressources/activite-03-guide-musee.html,Retour à l'activité,activite-03-achille-histoire-transformee.html,internal,ressources/activite-03-achille-histoire-transformee.html,yes,exists,n/a,,200
ressources/activite-03-guide-musee.html,"Fiche visiteur Imprimer ou enregistrer en PDF Organisation des stations Station 1 · Le corps Présenter un schéma, une re",activite-03-fiche-eleve-musee.html,internal,ressources/activite-03-fiche-eleve-musee.html,yes,exists,n/a,,200
ressources/activite-03-prolongement-illustration-ia.html,H Histoires d'os,activite-03-achille-histoire-transformee.html,internal,ressources/activite-03-achille-histoire-transformee.html,yes,exists,n/a,,200
ressources/activite-03-prolongement-illustration-ia.html,Retour à l'activité Prolongement · Images et esprit critique Illustrer avec l'IA sans fabriquer une fausse source Une ac,activite-03-achille-histoire-transformee.html,internal,ressources/activite-03-achille-histoire-transformee.html,yes,exists,n/a,,200
ressources/activite-03-prolongement-illustration-ia.html,Retour à l'activité Imprimer ou enregistrer en PDF Principe Les élèves peuvent demander une illustration pour leur album,activite-03-achille-histoire-transformee.html,internal,ressources/activite-03-achille-histoire-transformee.html,yes,exists,n/a,,200
ressources/activite-03-questionnaire.html,H Histoires d'os,activite-03-achille-histoire-transformee.html,internal,ressources/activite-03-achille-histoire-transformee.html,yes,exists,n/a,,200
ressources/activite-03-questionnaire.html,Retour à l'activité Questionnaire · Activité 3 Comprendre sans simplifier Questions progressives pour vérifier que les é,activite-03-achille-histoire-transformee.html,internal,ressources/activite-03-achille-histoire-transformee.html,yes,exists,n/a,,200
ressources/activite-03-questionnaire.html,Retour à l'activité,activite-03-achille-histoire-transformee.html,internal,ressources/activite-03-achille-histoire-transformee.html,yes,exists,n/a,,200
ressources/activite-03-questionnaire.html,"Corrigé Imprimer ou enregistrer en PDF Niveau 8-10 ans Que veut dire aujourd'hui l'expression ""le talon d'Achille"" ? Le ",activite-03-corrige-evaluation.html,internal,ressources/activite-03-corrige-evaluation.html,yes,exists,n/a,,200
ressources/activite-03-schema-talus.html,H Histoires d'os,activite-03-achille-histoire-transformee.html,internal,ressources/activite-03-achille-histoire-transformee.html,yes,exists,n/a,,200
ressources/activite-03-schema-talus.html,"Retour à l'activité Schéma anatomique · Activité 3 Talus, astragale, cheville et talon Une fiche pour déplacer l'attenti",activite-03-achille-histoire-transformee.html,internal,ressources/activite-03-achille-histoire-transformee.html,yes,exists,n/a,,200
ressources/activite-03-schema-talus.html,Retour à l'activité Imprimer ou enregistrer en PDF Schéma simplifié à annoter Tibia / fibula Talus astragale Calcanéum A,activite-03-achille-histoire-transformee.html,internal,ressources/activite-03-achille-histoire-transformee.html,yes,exists,n/a,,200
ressources/activite-03-schema-talus.html,"NCBI Bookshelf, Talus : anatomie générale du talus et de ses articulations.",https://www.ncbi.nlm.nih.gov/books/NBK541086/,external,https://www.ncbi.nlm.nih.gov/books/NBK541086/,n/a,200,n/a,,n/a
ressources/activite-03-schema-talus.html,"Kenhub, Talus bone : ressource anatomique de consultation pour vérifier le schéma avant diffusion.",https://www.kenhub.com/en/library/anatomy/talus-bone,external,https://www.kenhub.com/en/library/anatomy/talus-bone,n/a,404,n/a,,n/a
ressources/activite-04-biographie-objet.html,H Histoires d'os,activite-04-un-os-plusieurs-vies.html,internal,ressources/activite-04-un-os-plusieurs-vies.html,yes,exists,n/a,,200
ressources/activite-04-biographie-objet.html,Retour à l'activité Production finale · Activité 4 Biographie d'objet Un même astragale peut avoir plusieurs vies. Toute,activite-04-un-os-plusieurs-vies.html,internal,ressources/activite-04-un-os-plusieurs-vies.html,yes,exists,n/a,,200
ressources/activite-04-biographie-objet.html,Retour à l'activité Imprimer ou enregistrer en PDF 1 Dans le corps de l'animal Ce que l'on sait : Indice et source : 2 S,activite-04-un-os-plusieurs-vies.html,internal,ressources/activite-04-un-os-plusieurs-vies.html,yes,exists,n/a,,200
ressources/activite-04-cartes-contextes.html,H Histoires d'os,activite-04-un-os-plusieurs-vies.html,internal,ressources/activite-04-un-os-plusieurs-vies.html,yes,exists,n/a,,200
ressources/activite-04-cartes-contextes.html,Retour à l'activité Cartes imprimables · Activité 4 Cartes contextes Distribuer ces cartes une par une. Le code ne révèl,activite-04-un-os-plusieurs-vies.html,internal,ressources/activite-04-un-os-plusieurs-vies.html,yes,exists,n/a,,200
ressources/activite-04-cartes-contextes.html,Retour à l'activité Imprimer ou enregistrer en PDF A1 · Support Os isolé L'objet est un astragale animal observé comme c,activite-04-un-os-plusieurs-vies.html,internal,ressources/activite-04-un-os-plusieurs-vies.html,yes,exists,n/a,,200
ressources/activite-04-cartes-objets.html,H Histoires d'os,activite-04-un-os-plusieurs-vies.html,internal,ressources/activite-04-un-os-plusieurs-vies.html,yes,exists,n/a,,200
ressources/activite-04-cartes-objets.html,Retour à l'activité Cartes imprimables · Activité 4 Cartes objets Les rectos élève ne donnent aucune fonction. Les verso,activite-04-un-os-plusieurs-vies.html,internal,ressources/activite-04-un-os-plusieurs-vies.html,yes,exists,n/a,,200
ressources/activite-04-cartes-objets.html,Retour à l'activité,activite-04-un-os-plusieurs-vies.html,internal,ressources/activite-04-un-os-plusieurs-vies.html,yes,exists,n/a,,200
ressources/activite-04-cartes-objets.html,"Suivi des assets Imprimer ou enregistrer en PDF Objet A Observer sans interpréter Forme, surface, cassures, traces visib",../assets/activite-04/README.md,internal,assets/activite-04/README.md,yes,exists,n/a,markdown linked publicly,200
ressources/activite-04-cartes-objets.html,"assets/activite-04/README.md . Ne pas présenter un objet comme publié, daté ou interprété si sa notice n'a pas été vérif",../assets/activite-04/README.md,internal,assets/activite-04/README.md,yes,exists,n/a,markdown linked publicly,200
ressources/activite-04-cartes-usages.html,H Histoires d'os,activite-04-un-os-plusieurs-vies.html,internal,ressources/activite-04-un-os-plusieurs-vies.html,yes,exists,n/a,,200
ressources/activite-04-cartes-usages.html,Retour à l'activité Cartes imprimables · Activité 4 Cartes usages Ces cartes décrivent des hypothèses. Une carte n'est j,activite-04-un-os-plusieurs-vies.html,internal,ressources/activite-04-un-os-plusieurs-vies.html,yes,exists,n/a,,200
ressources/activite-04-cartes-usages.html,Retour à l'activité Imprimer ou enregistrer en PDF Reste animal L'objet est d'abord un os provenant du squelette d'un an,activite-04-un-os-plusieurs-vies.html,internal,ressources/activite-04-un-os-plusieurs-vies.html,yes,exists,n/a,,200
ressources/activite-04-corrige-evaluation.html,H Histoires d'os,activite-04-un-os-plusieurs-vies.html,internal,ressources/activite-04-un-os-plusieurs-vies.html,yes,exists,n/a,,200
ressources/activite-04-corrige-evaluation.html,Retour à l'activité Corrigé raisonné · Activité 4 Évaluer une interprétation prudente Le corrigé ne donne pas une foncti,activite-04-un-os-plusieurs-vies.html,internal,ressources/activite-04-un-os-plusieurs-vies.html,yes,exists,n/a,,200
ressources/activite-04-corrige-evaluation.html,Retour à l'activité Imprimer ou enregistrer en PDF Réponses attendues par dossier Code Interprétation soutenable À refus,activite-04-un-os-plusieurs-vies.html,internal,ressources/activite-04-un-os-plusieurs-vies.html,yes,exists,n/a,,200
ressources/activite-04-exemple-production.html,H Histoires d'os,activite-04-un-os-plusieurs-vies.html,internal,ressources/activite-04-un-os-plusieurs-vies.html,yes,exists,n/a,,200
ressources/activite-04-exemple-production.html,Retour à l'activité Exemple commenté · Activité 4 Un cartel prudent Modèle fictif pour montrer le niveau attendu. Il ne ,activite-04-un-os-plusieurs-vies.html,internal,ressources/activite-04-un-os-plusieurs-vies.html,yes,exists,n/a,,200
ressources/activite-04-exemple-production.html,"Retour à l'activité Imprimer ou enregistrer en PDF Première version trop rapide ""Cet os est une amulette parce qu'il a u",activite-04-un-os-plusieurs-vies.html,internal,ressources/activite-04-un-os-plusieurs-vies.html,yes,exists,n/a,,200
ressources/activite-04-fiche-eleve-classe.html,H Histoires d'os,activite-04-un-os-plusieurs-vies.html,internal,ressources/activite-04-un-os-plusieurs-vies.html,yes,exists,n/a,,200
ressources/activite-04-fiche-eleve-classe.html,Retour à l'activité Fiche élève · Classe · Activité 4 Mener une enquête sur un astragale Ton groupe reçoit un objet codé,activite-04-un-os-plusieurs-vies.html,internal,ressources/activite-04-un-os-plusieurs-vies.html,yes,exists,n/a,,200
ressources/activite-04-fiche-eleve-classe.html,Retour à l'activité,activite-04-un-os-plusieurs-vies.html,internal,ressources/activite-04-un-os-plusieurs-vies.html,yes,exists,n/a,,200
ressources/activite-04-fiche-eleve-classe.html,Cartes objets Imprimer ou enregistrer en PDF Séance 1 — L'enquête sur les objets Déroulement de l'enquête Phase Mission ,activite-04-cartes-objets.html,internal,ressources/activite-04-cartes-objets.html,yes,exists,n/a,,200
ressources/activite-04-fiche-eleve-musee.html,H Histoires d'os,activite-04-un-os-plusieurs-vies.html,internal,ressources/activite-04-un-os-plusieurs-vies.html,yes,exists,n/a,,200
ressources/activite-04-fiche-eleve-musee.html,Retour à l'activité Fiche élève · Musée · Activité 4 Enquête devant un objet en os Choisis un astragale ou un objet en o,activite-04-un-os-plusieurs-vies.html,internal,ressources/activite-04-un-os-plusieurs-vies.html,yes,exists,n/a,,200
ressources/activite-04-fiche-eleve-musee.html,Retour à l'activité,activite-04-un-os-plusieurs-vies.html,internal,ressources/activite-04-un-os-plusieurs-vies.html,yes,exists,n/a,,200
ressources/activite-04-fiche-eleve-musee.html,Fiche d'observation Imprimer ou enregistrer en PDF Les sept étapes de l'enquête 1 Observer avant le cartel Note la matiè,activite-04-fiche-observation.html,internal,ressources/activite-04-fiche-observation.html,yes,exists,n/a,,200
ressources/activite-04-fiche-observation.html,H Histoires d'os,activite-04-un-os-plusieurs-vies.html,internal,ressources/activite-04-un-os-plusieurs-vies.html,yes,exists,n/a,,200
ressources/activite-04-fiche-observation.html,"Retour à l'activité Support élève · Activité 4 Fiche d'observation Cette fiche sert à séparer ce que l'on observe, ce qu",activite-04-un-os-plusieurs-vies.html,internal,ressources/activite-04-un-os-plusieurs-vies.html,yes,exists,n/a,,200
ressources/activite-04-fiche-observation.html,"Retour à l'activité Imprimer ou enregistrer en PDF Identification provisoire Code de l'objet Support observé : original,",activite-04-un-os-plusieurs-vies.html,internal,ressources/activite-04-un-os-plusieurs-vies.html,yes,exists,n/a,,200
ressources/activite-04-grille-interpretation.html,H Histoires d'os,activite-04-un-os-plusieurs-vies.html,internal,ressources/activite-04-un-os-plusieurs-vies.html,yes,exists,n/a,,200
ressources/activite-04-grille-interpretation.html,Retour à l'activité Support élève · Activité 4 Grille d'interprétation Compare plusieurs hypothèses avant de choisir ta ,activite-04-un-os-plusieurs-vies.html,internal,ressources/activite-04-un-os-plusieurs-vies.html,yes,exists,n/a,,200
ressources/activite-04-grille-interpretation.html,Retour à l'activité Imprimer ou enregistrer en PDF Tester les usages possibles Usage envisagé Indices favorables Indices,activite-04-un-os-plusieurs-vies.html,internal,ressources/activite-04-un-os-plusieurs-vies.html,yes,exists,n/a,,200
ressources/activite-04-guide-enseignant.html,H Histoires d'os,activite-04-un-os-plusieurs-vies.html,internal,ressources/activite-04-un-os-plusieurs-vies.html,yes,exists,n/a,,200
ressources/activite-04-guide-enseignant.html,Retour à l'activité Guide enseignant · Activité 4 Faire raisonner sur un objet ancien Un guide pour conduire l'enquête e,activite-04-un-os-plusieurs-vies.html,internal,ressources/activite-04-un-os-plusieurs-vies.html,yes,exists,n/a,,200
ressources/activite-04-guide-enseignant.html,Retour à l'activité,activite-04-un-os-plusieurs-vies.html,internal,ressources/activite-04-un-os-plusieurs-vies.html,yes,exists,n/a,,200
ressources/activite-04-guide-enseignant.html,"Fiche élève Imprimer ou enregistrer en PDF Question directrice Lorsque des archéologues découvrent un astragale, comment",activite-04-fiche-eleve-classe.html,internal,ressources/activite-04-fiche-eleve-classe.html,yes,exists,n/a,,200
ressources/activite-04-guide-enseignant.html,"NCBI Bookshelf, Foot Talus : repères anatomiques.",https://www.ncbi.nlm.nih.gov/books/NBK541086/,external,https://www.ncbi.nlm.nih.gov/books/NBK541086/,n/a,200,n/a,,n/a
ressources/activite-04-guide-enseignant.html,"Gosden & Marshall, 1999 : biographie culturelle des objets.",https://doi.org/10.1080/00438243.1999.9980439,external,https://doi.org/10.1080/00438243.1999.9980439,n/a,403,n/a,,n/a
ressources/activite-04-guide-enseignant.html,"van Drie & van Boxtel, 2008 : raisonnement historique et contextualisation.",https://link.springer.com/article/10.1007/s10649-007-9098-3,external,https://link.springer.com/article/10.1007/s10649-007-9098-3,n/a,404,n/a,,n/a
ressources/activite-04-guide-enseignant.html,"Suivi des validations : objets, images, licences, modèles 3D et sources à compléter.",../assets/activite-04/README.md,internal,assets/activite-04/README.md,yes,exists,n/a,markdown linked publicly,200
ressources/activite-04-guide-musee.html,H Histoires d'os,activite-04-un-os-plusieurs-vies.html,internal,ressources/activite-04-un-os-plusieurs-vies.html,yes,exists,n/a,,200
ressources/activite-04-guide-musee.html,Retour à l'activité Guide de médiation · Activité 4 Installer une enquête en musée Ce guide aide à faire travailler les ,activite-04-un-os-plusieurs-vies.html,internal,ressources/activite-04-un-os-plusieurs-vies.html,yes,exists,n/a,,200
ressources/activite-04-guide-musee.html,Retour à l'activité,activite-04-un-os-plusieurs-vies.html,internal,ressources/activite-04-un-os-plusieurs-vies.html,yes,exists,n/a,,200
ressources/activite-04-guide-musee.html,Fiche visiteur Imprimer ou enregistrer en PDF Configurations possibles Objets en vitrine Observation sans manipulation. ,activite-04-fiche-eleve-musee.html,internal,ressources/activite-04-fiche-eleve-musee.html,yes,exists,n/a,,200
ressources/activite-04-prolongement-creation.html,H Histoires d'os,activite-04-un-os-plusieurs-vies.html,internal,ressources/activite-04-un-os-plusieurs-vies.html,yes,exists,n/a,,200
ressources/activite-04-prolongement-creation.html,Retour à l'activité Prolongement · Activité 4 Concevoir un objet contemporain inspiré de l'astragale Cette activité créa,activite-04-un-os-plusieurs-vies.html,internal,ressources/activite-04-un-os-plusieurs-vies.html,yes,exists,n/a,,200
ressources/activite-04-prolongement-creation.html,Retour à l'activité Imprimer ou enregistrer en PDF Mention obligatoire Cette production est une création contemporaine. ,activite-04-un-os-plusieurs-vies.html,internal,ressources/activite-04-un-os-plusieurs-vies.html,yes,exists,n/a,,200
ressources/activite-04-un-os-plusieurs-vies.html,H Histoires d'os,../index.html#activites,internal,index.html,yes,exists,yes,,200
ressources/activite-04-un-os-plusieurs-vies.html,"Retour aux activités Dossier pédagogique · Activité 4 Un os, plusieurs vies Un astragale découvert par les archéologues ",../index.html#activites,internal,index.html,yes,exists,yes,,200
ressources/activite-04-un-os-plusieurs-vies.html,Retour au site,../index.html#activites,internal,index.html,yes,exists,yes,,200
ressources/activite-04-un-os-plusieurs-vies.html,Voir les ressources Imprimer ou enregistrer en PDF Question directrice Comment comprendre l'usage d'un astragale ancien ,#ressources,internal,ressources/activite-04-un-os-plusieurs-vies.html,yes,exists,yes,,200
ressources/activite-04-un-os-plusieurs-vies.html,"Ouvrir la fiche musée Version classe En une séance, l'activité fonctionne comme une enquête courte avec cartes d'objets,",activite-04-fiche-eleve-musee.html,internal,ressources/activite-04-fiche-eleve-musee.html,yes,exists,n/a,,200
ressources/activite-04-un-os-plusieurs-vies.html,Ouvrir la fiche classe Corpus de travail Les cartes proposées utilisent des dossiers codés A à E. Les images réelles et ,activite-04-fiche-eleve-classe.html,internal,ressources/activite-04-fiche-eleve-classe.html,yes,exists,n/a,,200
ressources/activite-04-un-os-plusieurs-vies.html,"01 Fiche élève — musée Enquête en vitrine, avec répliques ou photographies.",activite-04-fiche-eleve-musee.html,internal,ressources/activite-04-fiche-eleve-musee.html,yes,exists,n/a,,200
ressources/activite-04-un-os-plusieurs-vies.html,02 Fiche élève — classe Une séance ou deux séances avec production finale.,activite-04-fiche-eleve-classe.html,internal,ressources/activite-04-fiche-eleve-classe.html,yes,exists,n/a,,200
ressources/activite-04-un-os-plusieurs-vies.html,"03 Cartes objets Dossiers A à E, recto élève et verso adulte.",activite-04-cartes-objets.html,internal,ressources/activite-04-cartes-objets.html,yes,exists,n/a,,200
ressources/activite-04-un-os-plusieurs-vies.html,"04 Cartes usages Dix hypothèses, dont fonction indéterminée.",activite-04-cartes-usages.html,internal,ressources/activite-04-cartes-usages.html,yes,exists,n/a,,200
ressources/activite-04-un-os-plusieurs-vies.html,05 Cartes contextes Indices à révéler progressivement.,activite-04-cartes-contextes.html,internal,ressources/activite-04-cartes-contextes.html,yes,exists,n/a,,200
ressources/activite-04-un-os-plusieurs-vies.html,"06 Fiche d'observation Décrire, interpréter, lister ce qui manque.",activite-04-fiche-observation.html,internal,ressources/activite-04-fiche-observation.html,yes,exists,n/a,,200
ressources/activite-04-un-os-plusieurs-vies.html,07 Grille d'interprétation Comparer indices favorables et défavorables.,activite-04-grille-interpretation.html,internal,ressources/activite-04-grille-interpretation.html,yes,exists,n/a,,200
ressources/activite-04-un-os-plusieurs-vies.html,"08 Biographie d'objet Frise de vie de l'os, de l'animal au musée.",activite-04-biographie-objet.html,internal,ressources/activite-04-biographie-objet.html,yes,exists,n/a,,200
ressources/activite-04-un-os-plusieurs-vies.html,"09 Guide enseignant Déroulement, relances, obstacles et différenciation.",activite-04-guide-enseignant.html,internal,ressources/activite-04-guide-enseignant.html,yes,exists,n/a,,200
ressources/activite-04-un-os-plusieurs-vies.html,"10 Guide du musée Stations, conservation, accessibilité et médiation.",activite-04-guide-musee.html,internal,ressources/activite-04-guide-musee.html,yes,exists,n/a,,200
ressources/activite-04-un-os-plusieurs-vies.html,11 Corrigé et évaluation Réponses raisonnées et grille formative.,activite-04-corrige-evaluation.html,internal,ressources/activite-04-corrige-evaluation.html,yes,exists,n/a,,200
ressources/activite-04-un-os-plusieurs-vies.html,12 Exemple de production Cartel fictif annoté et amélioration progressive.,activite-04-exemple-production.html,internal,ressources/activite-04-exemple-production.html,yes,exists,n/a,,200
ressources/activite-04-un-os-plusieurs-vies.html,13 Prolongement créatif Créer un objet contemporain sans fabriquer une fausse source. Sources et appuis,activite-04-prolongement-creation.html,internal,ressources/activite-04-prolongement-creation.html,yes,exists,n/a,,200
ressources/activite-04-un-os-plusieurs-vies.html,"NCBI Bookshelf, Anatomy, Bony Pelvis and Lower Limb: Foot Talus : repères anatomiques sur le talus/astragale.",https://www.ncbi.nlm.nih.gov/books/NBK541086/,external,https://www.ncbi.nlm.nih.gov/books/NBK541086/,n/a,200,n/a,,n/a
ressources/activite-04-un-os-plusieurs-vies.html,"Barbara Carè, 2025, From the astragalus to the heel : prudence sur vocabulaire, traditions et interprétations autour de ",https://academic.oup.com/bics/article/68/1/1/8101479,external,https://academic.oup.com/bics/article/68/1/1/8101479,n/a,403,n/a,,n/a
ressources/activite-04-un-os-plusieurs-vies.html,"Gosden & Marshall, 1999, The cultural biography of objects : cadre utile pour penser les vies successives des objets.",https://doi.org/10.1080/00438243.1999.9980439,external,https://doi.org/10.1080/00438243.1999.9980439,n/a,403,n/a,,n/a
ressources/activite-04-un-os-plusieurs-vies.html,"van Drie & van Boxtel, 2008 : raisonnement historique, sources et contextualisation.",https://link.springer.com/article/10.1007/s10649-007-9098-3,external,https://link.springer.com/article/10.1007/s10649-007-9098-3,n/a,404,n/a,,n/a
ressources/activite-04-un-os-plusieurs-vies.html,"assets/activite-04/README.md : suivi des objets, images, licences, modèles 3D et validations manquantes.",../assets/activite-04/README.md,internal,assets/activite-04/README.md,yes,exists,n/a,markdown linked publicly,200
ressources/document-mission-astragale.html,H Histoires d'os,activite-01-trouver-astragale.html,internal,ressources/activite-01-trouver-astragale.html,yes,exists,n/a,,200
ressources/document-mission-astragale.html,Retour à l'activité Guide enseignant · Activité 1 Trouver l'astragale en classe Un guide pour conduire une enquête anato,activite-01-trouver-astragale.html,internal,ressources/activite-01-trouver-astragale.html,yes,exists,n/a,,200
ressources/document-mission-astragale.html,Retour à l'activité,activite-01-trouver-astragale.html,internal,ressources/activite-01-trouver-astragale.html,yes,exists,n/a,,200
ressources/document-mission-astragale.html,"Fiche élève classe Imprimer ou enregistrer en PDF Présentation synthétique Public : élèves de 8 à 12 ans, cycle 2. Ouver",activite-01-fiche-eleve-classe.html,internal,ressources/activite-01-fiche-eleve-classe.html,yes,exists,n/a,,200
ressources/document-mission-astragale.html,Ouvrir le corrigé et la grille Sources et appuis,activite-01-corrige-evaluation.html,internal,ressources/activite-01-corrige-evaluation.html,yes,exists,n/a,,200
ressources/document-mission-astragale.html,"NCBI Bookshelf, Anatomy, Bony Pelvis and Lower Limb: Foot Talus : repères anatomiques sur le talus/astragale, ses articu",https://www.ncbi.nlm.nih.gov/books/NBK541086/,external,https://www.ncbi.nlm.nih.gov/books/NBK541086/,n/a,200,n/a,,n/a
ressources/document-mission-astragale.html,"Ünal et al., 2025, Animals , Shape and Size Variations in the Astragalus of Large and Small Bovids : étude ouverte sur l",https://pmc.ncbi.nlm.nih.gov/articles/PMC11816053/,external,https://pmc.ncbi.nlm.nih.gov/articles/PMC11816053/,n/a,200,n/a,,n/a
ressources/document-mission-astragale.html,"National Research Council, 2009, Learning Science in Informal Environments : apprentissages scientifiques actifs en envi",https://nap.nationalacademies.org/catalog/12190/learning-science-in-informal-environments-people-places-and-pursuits,external,https://nap.nationalacademies.org/catalog/12190/learning-science-in-informal-environments-people-places-and-pursuits,n/a,200,n/a,,n/a
ressources/document-mission-astragale.html,Plan d'études romand : référence officielle à consulter avant l'ajout de codes PER précis.,https://www.plandetudes.ch/,external,https://www.plandetudes.ch/,n/a,200,n/a,,n/a
ressources/document-musee-ou-est-l-os.html,H Histoires d'os,activite-01-trouver-astragale.html,internal,ressources/activite-01-trouver-astragale.html,yes,exists,n/a,,200
ressources/document-musee-ou-est-l-os.html,Retour à l'activité Guide de médiation · Activité 1 Trouver l'astragale au musée Une mission d'observation pour aider le,activite-01-trouver-astragale.html,internal,ressources/activite-01-trouver-astragale.html,yes,exists,n/a,,200
ressources/document-musee-ou-est-l-os.html,Retour à l'activité,activite-01-trouver-astragale.html,internal,ressources/activite-01-trouver-astragale.html,yes,exists,n/a,,200
ressources/document-musee-ou-est-l-os.html,"Fiche élève musée Imprimer ou enregistrer en PDF Finalité de l'activité Observer un squelette réel, un modèle ou une pho",activite-01-fiche-eleve-musee.html,internal,ressources/activite-01-fiche-eleve-musee.html,yes,exists,n/a,,200
ressources/document-musee-ou-est-l-os.html,"National Research Council, 2009, Learning Science in Informal Environments : apprentissages actifs, situés et sociaux en",https://nap.nationalacademies.org/catalog/12190/learning-science-in-informal-environments-people-places-and-pursuits,external,https://nap.nationalacademies.org/catalog/12190/learning-science-in-informal-environments-people-places-and-pursuits,n/a,200,n/a,,n/a
ressources/document-musee-ou-est-l-os.html,"CAST, Universal Design for Learning Guidelines : varier les modes d'accès, d'engagement et d'expression.",https://udlguidelines.cast.org/,external,https://udlguidelines.cast.org/,n/a,200,n/a,,n/a
ressources/document-musee-ou-est-l-os.html,"W3C, Web Content Accessibility Guidelines 2.2 : principes d'accessibilité numérique utiles pour les supports de médiatio",https://www.w3.org/TR/WCAG22/,external,https://www.w3.org/TR/WCAG22/,n/a,200,n/a,,n/a
ressources/document-musee-ou-est-l-os.html,"NCBI Bookshelf, Foot Talus : repères anatomiques sur l'astragale/talus et son rôle dans l'articulation du pied.",https://www.ncbi.nlm.nih.gov/books/NBK541086/,external,https://www.ncbi.nlm.nih.gov/books/NBK541086/,n/a,200,n/a,,n/a
ressources/document-vrai-prudent-verifier.html,H Histoires d'os,../index.html#activites,internal,index.html,yes,exists,yes,,200
ressources/document-vrai-prudent-verifier.html,"Retour aux activités Document pédagogique · Raisonnement critique Vrai, prudent, à vérifier Une activité pour apprendre ",../index.html#activites,internal,index.html,yes,exists,yes,,200
ressources/document-vrai-prudent-verifier.html,Dossier activité 3 Imprimer ou enregistrer en PDF Pourquoi cette activité ? Les élèves connaissent souvent l'expression ,activite-03-achille-histoire-transformee.html,internal,ressources/activite-03-achille-histoire-transformee.html,yes,exists,n/a,,200
ressources/document-vrai-prudent-verifier.html,"Barbara Carè, 2025, From the astragalus to the heel: revisiting the anatomy of Achilles' mythical invulnerability : disc",https://academic.oup.com/bics/article/68/1/1/8101479,external,https://academic.oup.com/bics/article/68/1/1/8101479,n/a,403,n/a,,n/a
ressources/document-vrai-prudent-verifier.html,"van Drie & van Boxtel, 2008, Historical Reasoning: Towards a Framework for Analyzing Students' Reasoning about the Past ",https://link.springer.com/article/10.1007/s10649-007-9098-3,external,https://link.springer.com/article/10.1007/s10649-007-9098-3,n/a,404,n/a,,n/a
ressources/document-vrai-prudent-verifier.html,"Ünal et al., 2025, Animals , Shape and Size Variations in the Astragalus of Large and Small Bovids : exemple de source o",https://pmc.ncbi.nlm.nih.gov/articles/PMC11816053/,external,https://pmc.ncbi.nlm.nih.gov/articles/PMC11816053/,n/a,200,n/a,,n/a
ressources/document-vrai-prudent-verifier.html,"NCBI Bookshelf, Foot Talus : repère anatomique pour distinguer talus/astragale et talon dans le vocabulaire moderne.",https://www.ncbi.nlm.nih.gov/books/NBK541086/,external,https://www.ncbi.nlm.nih.gov/books/NBK541086/,n/a,200,n/a,,n/a
ressources/recit-achille-astragale.html,H Histoires d'os,../index.html#ressources,internal,index.html,yes,exists,yes,,200
ressources/recit-achille-astragale.html,Retour aux ressources Récit d'ouverture Le petit os d'Achille Une courte histoire pour entrer dans le projet par un myth,../index.html#ressources,internal,index.html,yes,exists,yes,,200
ressources/recit-achille-astragale.html,"Dossier activité 3 Imprimer ou enregistrer en PDF 1 Devant Troie Il y a très longtemps, les poètes racontaient une grand",activite-03-achille-histoire-transformee.html,internal,ressources/activite-03-achille-histoire-transformee.html,yes,exists,n/a,,200
ressources/recit-achille-astragale.html,"Achille : comment une histoire se transforme-t-elle ? , qui distingue images, textes, vocabulaire et sources.",activite-03-achille-histoire-transformee.html,internal,ressources/activite-03-achille-histoire-transformee.html,yes,exists,n/a,,200
