"id","auteurs","titre","année","type","statut_publication","doi","url_editeur","url_academia","chemin_local_prive","texte_integral_disponible","langue","themes","activites_concernees","statut_lecture","statut_validation_scientifique","droits_connus","notes"
"BC-001","Barbara Carè","From the astragalus to the heel: revisiting the anatomy of Achilles’ mythical invulnerability","2026","article scientifique","publié","10.1093/bics/qbag009","https://academic.oup.com/bics/article/69/1/202/8539880","https://www.academia.edu/164957812/From_the_astragus_to_the_heel_revisiting_the_anatomy_of_Achilles_mythical_invulnerability_BICS_2026","_private-inputs/scientifique/articles/mythe achilles.pdf","oui","en","Achille; talus; astragale; cheville; talon; anatomie; mythe; réception","1;3","lecture ciblée du texte intégral","référence prioritaire publiée; citer page ou section","CC BY-NC-ND 4.0 pour l'article; droits des figures séparés","Bulletin of the Institute of Classical Studies 69(1), p. 202-216; publication en ligne le 24 mars 2026."
"BC-002","Barbara Carè","L’astragale réexaminé : jeu, rites et violence dans l’Antiquité classique","2023","chapitre scientifique","publié","10.4000/books.puc.27266","https://books.openedition.org/puc/27266?lang=fr","https://www.academia.edu/53480524/L_astragale_r%C3%A9examin%C3%A9_jeu_rites_et_violence_dans_lAntiquit%C3%A9_classique","","oui, texte intégral OpenEdition","fr","astragales; jeu; rites; violence; religion; rites de passage; Sparte; Tarente","2;3;4","lecture ciblée du texte intégral","référence prioritaire publiée; citer page ou paragraphe","CC BY-NC-ND 4.0 pour le texte; autres éléments tous droits réservés sauf mention contraire","Dans V. Dasen et T. Haziza (dir.), Violence et jeu de l’Antiquité à nos jours, p. 105-127."
"BC-003","Barbara Carè","Le projet Histoires d’os, un pont entre science et société autour des recherches sur les astragales","2025","chronique scientifique et de médiation","publié","10.4000/14mne","https://journals.openedition.org/frontieres/4628","https://www.academia.edu/143901656/_Le_projet_Histoires_d_os_un_pont_entre_science_et_soci%C3%A9t%C3%A9_autour_des_recherches_sur_les_astragales_Fronti%C3%A8re_s_En_ligne_Chroniques_mis_en_ligne_le_11_septembre_2025","","oui, texte intégral OpenEdition","fr","Histoires d’os; médiation; astragales; historiographie; société","1;2;3;4","texte intégral repéré","source de cadrage publiée; recouper les affirmations détaillées","CC BY-NC-SA 4.0 pour le texte; illustrations et annexes séparées","Frontière·s, Chroniques, mise en ligne le 11 septembre 2025."
"BC-004","Barbara Carè","Of Knucklebones and Kairos. A Reappraisal of the Astragal-Shaped Base from Olympia","2025","chapitre scientifique","publié","","","https://www.academia.edu/105480774/Of_knucklebones_and_Kairos_A_reappraisal_of_the_astragal_shaped_base_from_Olympia_in_%CE%A0_%CE%A7%CF%81%CE%B9%CF%83%CF%84%CE%BF%CE%B4%CE%BF%CF%8D%CE%BB%CE%BF%CF%85_%CE%95_%CE%A0%CE%B1%CF%80%CE%B1%CE%B3%CE%B9%CE%AC%CE%BD%CE%BD%CE%B7_%CE%91_%CE%A4%CE%BF%CF%85%CE%BB%CE%BF%CF%85%CE%BC%CF%84%CE%B6%CE%AF%CE%B4%CE%BF%CF%85_eds_%CE%A0%CF%81%CE%BF%CF%83%CF%8C%CE%B4%CE%B9%CE%B1_%CE%9C%CE%B5%CE%BB%CE%AD%CF%84%CE%B5%CF%82_%CE%B3%CE%B9%CE%B1_%CF%84%CE%B9%CF%82_%CE%B1%CF%81%CF%87%CE%B1%CE%AF%CE%B5%CF%82_%CE%BB%CE%B1%CF%84%CF%81%CE%B5%CE%AF%CE%B5%CF%82_%CF%80%CF%81%CE%BF%CF%82_%CF%84%CE%B9%CE%BC%CE%AE%CE%BD_%CF%84%CE%BF%CF%85_%CE%9C%CE%B1%CE%BD%CF%8C%CE%BB%CE%B7_%CE%92%CE%BF%CF%85%CF%84%CF%85%CF%81%CE%AC_Studies_on_Greek_and_Roman_Cults_in_Honour_of_Emmanuel_Voutiras_%CE%91%CE%B8%CE%AE%CE%BD%CE%B1_2025_11_25","","oui, copie Academia signalée; non téléchargée","en","astragale monumental; Olympie; Kairos; culte; interprétation archéologique","4","résumé consulté","texte intégral requis avant validation d'une affirmation","droits éditeur et figures à vérifier; autorisation de l'autrice signalée par le projet","Dans Prosodia. Studies on Greek and Roman Cults in Honour of Emmanuel Voutiras, Athènes, p. 11-25; pagination à confirmer avec l'autrice."
"BC-005","Barbara Carè","Images at Play: Some Misconceptions About Astragal Games in Greek Vase Painting","2025","chapitre scientifique","publié","","","https://www.academia.edu/128505441/Images_at_play_some_misconceptions_about_astragal_games_in_Greek_vase_painting_in_G_Shepherd_ed_From_Corinth_to_Campania_Studies_on_Greek_Vase_Painting_in_Honour_of_Ian_McPhee_SIMA_2025","","oui, copie Academia signalée; non téléchargée","en","iconographie; vases grecs; jeux; erreurs historiographiques; interprétation des images","2;3;4","métadonnées consultées","texte intégral requis avant validation d'une affirmation","droits éditeur et figures à vérifier; autorisation de l'autrice signalée par le projet","Dans G. Shepherd (ed.), From Corinth to Campania, Nicosie, p. 55-66."
"BC-006","Barbara Carè","Beyond the Grave: Burial Rituals and Knucklebones at the State War Memorial of Thespiae","2022","chapitre scientifique","publié","","https://dprha.ua.es/es/documentos/noticias/warriors-at-play.pdf","https://www.academia.edu/94619557/Beyond_the_grave_burial_rituals_and_knucklebones_at_the_State_War_Memorial_of_Thespiae","","oui, actes en accès public; non téléchargés","en","contexte funéraire; Thespies; guerre; rites; astragales","4","résumé consulté","texte intégral requis avant validation d'une affirmation","droits des actes et figures à vérifier","Dans Warriors@Play, University of Alicante, p. 185-199."
"BC-007","Barbara Carè","Where the Children Are: An Insight into ‘Age Markers’ in Western Greece. Astragali from the Burial Area of Locri Epizefiri","2017","article scientifique","publié","10.32028/jga.v2i.578","https://archaeopresspublishing.com/ojs/index.php/JGA/article/view/578","https://unil.academia.edu/BarbaraCar%C3%A8","","abonnement éditeur; éventuelle copie auteur à vérifier","en","Locres; enfance; genre; contexte funéraire; marqueurs d'âge","2;4","résumé et bibliographie consultés","texte intégral requis avant validation d'une affirmation","abonnement éditeur; droits à vérifier","Journal of Greek Archaeology 2, p. 171-194."
"BC-008","Barbara Carè","Knucklebones from the Greek Necropolis of Locri Epizefiri, Southern Italy (VIth-IIIth Century BC). Typological and Functional Analysis","2013","chapitre d'actes","publié","","","https://unil.academia.edu/BarbaraCar%C3%A8","","à vérifier","en","Locres; typologie; fonction; contexte funéraire; archéologie","2;4","référence bibliographique repérée","à localiser et lire","droits à vérifier","Dans F. Lang (ed.), The Sound of Bones, ARCHAEOPlus 5, p. 87-100."
"BC-009","Barbara Carè","L’astragalo in tomba nel mondo greco: un indicatore infantile? Vecchi problemi e nuove osservazioni a proposito di un aspetto del costume funerario","2012","chapitre scientifique","publié","","","https://unil.academia.edu/BarbaraCar%C3%A8","","copie Academia signalée; accès à vérifier","it","astragales; enfance; genre; contextes funéraires; monde grec","2;4","référence bibliographique repérée","texte intégral requis avant validation d'une affirmation","droits à vérifier","Dans L’enfant et la mort dans l’Antiquité III, p. 407-420."
"BC-010","Barbara Carè","L’astragalo nel sepolcro ‘μειρακίων τε και παρθένων παίγνιον’? Riflessioni per la rilettura di un costume funerario: i casi di Locri e Caulonia","2010","chapitre scientifique","publié","","","https://unil.academia.edu/BarbaraCar%C3%A8","","copie Academia signalée; accès à vérifier","it","Locres; Caulonia; contextes funéraires; enfance; interprétation","2;4","référence bibliographique repérée","texte intégral requis avant validation d'une affirmation","droits à vérifier","Dans Caulonia tra Crotone e Locri, p. 459-469."
"BC-011","Barbara Carè","Il gioco degli astragali: un passatempo tra antico e moderno","2009-2010","article scientifique","publié","","","https://unil.academia.edu/BarbaraCar%C3%A8","","copie Academia signalée; accès à vérifier","it","jeu; règles; gestes; réception; pratiques modernes","2;4","référence bibliographique repérée","texte intégral requis avant validation d'une affirmation","droits à vérifier","Ludica. Annali di Storia e Civiltà del Gioco 15-16, p. 31-40 selon les références disponibles."
"BC-012","Diego Elia; Barbara Carè","Ancora sull’‘astragalomania’ a Locri Epizefiri. La documentazione dalla necropoli in contrada Lucifero","2004","article scientifique","publié","","https://iris.unito.it/handle/2318/6210","https://unil.academia.edu/BarbaraCar%C3%A8","","notice institutionnelle et copie Academia signalées; texte à vérifier","it","Locres; nécropole; dépôts; astragales; archéologie","2;4","notice et référence bibliographique consultées","texte intégral requis avant validation d'une affirmation","droits à vérifier","Orizzonti. Rassegna di archeologia 5, p. 77-90."
"BC-013","Barbara Carè","Alcune osservazioni sulle sepolture di defunti in età pre-adulta nelle necropoli greche d’Occidente: la diffusione dell’astragalo","2006","article scientifique","publié","","","https://unil.academia.edu/BarbaraCar%C3%A8","","copie Academia signalée; accès à vérifier","it","enfance; sépultures; Grèce d'Occident; diffusion; astragales","2;4","référence bibliographique repérée","texte intégral requis avant validation d'une affirmation","droits à vérifier","Orizzonti. Rassegna di archeologia 7, p. 143-151."
"BC-014","Barbara Carè","La bambola e l’astragalo nelle tombe greche: testimonianze del mondo ludico infantile?","2013","chapitre scientifique","publié","","","https://unil.academia.edu/BarbaraCar%C3%A8","","copie Academia signalée; accès à vérifier","it","enfance; genre; tombes; poupées; astragales; interprétation ludique","2;4","notice Academia repérée","texte intégral requis avant validation d'une affirmation","droits à vérifier","Dans Il gioco e i giochi nel mondo antico tra cultura materiale e immateriale."
"BC-015","Barbara Carè","Athènes, une cité ludique ? L’importance des jeux dans la vie quotidienne","2024","chapitre scientifique","publié","","","https://unil.academia.edu/BarbaraCar%C3%A8","","copie Academia signalée; accès à vérifier","fr","Athènes; jeux; pratiques quotidiennes; culture matérielle","2;3;4","métadonnées consultées","texte intégral requis avant validation d'une affirmation","droits à vérifier","Dans N. Siron (dir.), Nouvelle histoire d’Athènes. La cité vue de l’Agora : Ve-IVe siècles av. J.-C., p. 353-371."
"BC-016","Barbara Carè","L’homme est ludens … et la femme ?","2024","notice ou chapitre","publié","","","https://unil.academia.edu/BarbaraCar%C3%A8","","copie Academia signalée; accès à vérifier","fr","genre; femmes; jeu; iconographie; histoire sociale","2;3","métadonnées consultées","texte intégral requis avant validation d'une affirmation","droits à vérifier","Dans S. Lalanne (dir.), D. Lett et D. Picco, Une histoire des femmes en Europe (des grottes aux Lumières)."
"BC-017","Barbara Carè (dir.)","Astragalomania. New Perspectives in the Study of Knucklebones in the Ancient World","2026","ouvrage collectif","éditeur : publié en 2026; profil Academia : forthcoming","","https://www.degruyterbrill.com/document/isbn/9783110622058/html","https://unil.academia.edu/BarbaraCar%C3%A8","","non déterminé","en","astragales; archéologie; rites; jeu; médecine; historiographie","1;2;3;4","sommaire et statut à vérifier","ne pas utiliser un chapitre non lu pour valider une affirmation","droits éditeur et chapitres à vérifier","Le statut divergent entre l'éditeur et le profil doit être confirmé avec Barbara Carè."
"BC-018","Barbara Carè","Astragaloi: a ‘Toy’ Story. Making, Unmaking, and Reframing of a Historiographical Tradition","","monographie","en préparation","","","https://unil.academia.edu/BarbaraCar%C3%A8","","non","en","historiographie; astragales; jeu; sources anciennes; erreurs d'interprétation","1;2;3;4","notice de projet seulement","ne peut pas valider une affirmation sans texte complet","droits non déterminés","À localiser; ne pas supposer une date ou un éditeur définitif."
"BC-019","Barbara Carè","“Knucklebones” in Classical Antiquity: Questions and Answers","","chapitre scientifique","profil Academia : forthcoming; statut actuel à localiser","","","https://unil.academia.edu/BarbaraCar%C3%A8","","à vérifier","en","terminologie; valeurs; règles; lancers; jeu; astragales","1;2;4","notice Academia seulement","ne peut pas valider une affirmation sans texte complet","droits non déterminés","Annoncé dans Astragalomania; référence définitive à confirmer."
"BC-020","Barbara Carè; Kyriaki Katsarelia","Astragali, Gaming Equipment and Medical Practice in Roman Eretria. Rethinking the “Doctor’s Set”","","chapitre scientifique","profil Academia : forthcoming; statut actuel à localiser","","","https://unil.academia.edu/BarbaraCar%C3%A8","","à vérifier","en","Érétrie; médecine; jeu; contexte archéologique; interprétation","4","notice Academia seulement","ne peut pas valider une affirmation sans texte complet","droits non déterminés","Annoncé dans Astragalomania; référence définitive à confirmer."
"BC-021","Barbara Carè","A New Reading of “paignia kampesíguia” in Clement’s Protreptikos","","chapitre scientifique","profil Academia : forthcoming; statut actuel à localiser","","","https://unil.academia.edu/BarbaraCar%C3%A8","","à vérifier","en","Clément d'Alexandrie; terminologie; rites; Dionysos; sources anciennes","3;4","notice Academia seulement","ne peut pas valider une affirmation sans texte complet","droits non déterminés","Annoncé dans Astragalomania; référence définitive à confirmer."
"BC-022","Barbara Carè","Precious Bones: Astragali in Amuletic Jewellery","","chapitre de catalogue","forthcoming selon le profil; statut actuel à localiser","","","https://unil.academia.edu/BarbaraCar%C3%A8","","non déterminé","en","amulette; bijoux; rites; protection; astragales","4","notice Academia seulement","ne peut pas valider une affirmation sans texte complet","droits de l'autrice, du catalogue et des objets à vérifier séparément","Catalogue Art in Gold. Jewellery in Hellenistic Times; aucune année définitive inventoriée."
"BC-023","Barbara Carè","To the Bare Bones: Rethinking Astragali in Ancient Greece","","chapitre scientifique","statut contradictoire : cité comme 2025 dans une chronique; forthcoming dans la bibliographie BICS 2026","","","","","non déterminé","en","historiographie; jeu; astragales; Aristote; sources anciennes","1;2;3;4","références secondaires seulement","à localiser; ne peut pas valider une affirmation sans texte complet","droits non déterminés","Dans M. Gerolemou et C. Scott (eds), Every Bone Has a Story; demander la référence définitive."
"BC-024","Barbara Carè","Re-thinking Astragali in Archaeological Contexts: The Case-study of the Sanctuary of Artemis Orthia at Sparta","2017","conférence","conférence","","","https://unil.academia.edu/BarbaraCar%C3%A8/Talks","","non déterminé","en","Sparte; sanctuaire; Artémis Orthia; archéologie; rites","4","notice de conférence seulement","ne peut pas valider une affirmation sans texte complet","droits non déterminés","University of Nottingham, 29 novembre 2017; publication associée à localiser."
"BC-025","Barbara Carè","“The Playful and the Serious”: Multiple Perspectives on Game in Ancient Greek Society","2017","conférence","conférence","","","https://unil.academia.edu/BarbaraCar%C3%A8/Talks","","à vérifier","en","jeu; iconographie; continuité; erreurs historiographiques","2;3;4","résumé de conférence repéré","ne peut pas valider une affirmation sans texte complet","droits non déterminés","20th Board Game Studies Colloquium, University of Copenhagen, 19 mai 2017."
"BC-026","Barbara Carè","A ‘Toy’ Story: An Historiographical Inquiry into the Ludic Value of Astragali","2024","conférence","conférence","","https://ludocorpus.org/content/files/2024/03/Affiche_des-jeux-et-des-rites-de-lantiquite-a-nos-jours-21-et-22-mars-2024.pdf","https://unil.academia.edu/BarbaraCar%C3%A8","","non déterminé","en","historiographie; valeur ludique; rites; astragales","2;4","programme consulté","ne peut pas valider une affirmation sans texte complet","droits non déterminés","Journée d'étude Des jeux et des rites, Université de Toulouse, 21 mars 2024."
"BC-027","Barbara Carè","The ‘Power of Animals’: Astragali as Amulets in Classical Antiquity","2026","conférence","conférence","","https://bibliotecadigital.ipb.pt/bitstreams/738497e5-428f-47c4-8331-be54427bd329/download","","","résumé intégral disponible dans le programme","en","amulette; animaux; rites; protection; contextes archéologiques","4","résumé consulté","résumé insuffisant pour valider une affirmation précise","droits du programme et des figures à vérifier","International Conference on Amulets; texte de publication à localiser."
