"id","domaine","auteur_institution","titre","annee","type","doi_url_stable","chemin_local_prive","licence","langue","activites_concernees","statut_lecture","statut_validation","notes"
"PER-C2","PER","CIIP","Plan d'études romand, cycle 2 - corpus local","","référentiel officiel","","_private-inputs/per/","consultation interne; ne pas republier","fr","1;2;3;4","indexation ciblée","correspondances provisoires","Les trois PDF locaux sont détaillés ci-dessous; validation enseignante requise."
"PER-MSN-SHS","PER","CIIP","PER Mathématiques et Sciences de la nature / Sciences humaines et sociales","","référentiel officiel","","_private-inputs/per/PER MSN SHS.pdf","consultation interne; ne pas republier","fr","1;2;3;4","pages ciblées recensées dans docs/per-index.md","correspondances provisoires","116 pages; pages de travail exactes consignées dans docs/per-index.md."
"PER-L1","PER","CIIP","PER Langues 1","","référentiel officiel","","_private-inputs/per/PER L1.pdf","consultation interne; ne pas republier","fr","1;2;3;4","pages ciblées recensées dans docs/per-index.md","correspondances provisoires","120 pages; libellés publics à vérifier."
"PER-AV","PER","CIIP","PER Arts visuels","","référentiel officiel","","_private-inputs/per/PER AV.pdf","consultation interne; ne pas republier","fr","2;3;4","pages ciblées recensées dans docs/per-index.md","correspondances provisoires","72 pages; alignements non officiels."
"BC-001","histoire; mythologie; anatomie","Barbara Carè","From the astragalus to the heel: revisiting the anatomy of Achilles’ mythical invulnerability","2026","article scientifique","https://doi.org/10.1093/bics/qbag009","_private-inputs/scientifique/articles/mythe achilles.pdf","CC BY-NC-ND 4.0 pour l'article; droits des figures séparés","en","1;3","lecture ciblée du texte intégral","source scientifique publiée; citations précises requises","Bulletin of the Institute of Classical Studies 69(1), p. 202-216."
"BC-002","archéologie; rites; jeux","Barbara Carè","L’astragale réexaminé : jeu, rites et violence dans l’Antiquité classique","2023","chapitre scientifique","https://doi.org/10.4000/books.puc.27266","","CC BY-NC-ND 4.0 pour le texte; autres éléments tous droits réservés sauf mention contraire","fr","2;3;4","lecture ciblée du texte intégral en ligne","source scientifique publiée; citations précises requises","Dans Violence et jeu de l’Antiquité à nos jours, p. 105-127."
"BC-003","médiation; synthèse scientifique","Barbara Carè","Le projet Histoires d’os, un pont entre science et société autour des recherches sur les astragales","2025","chronique scientifique et de médiation","https://doi.org/10.4000/14mne","","CC BY-NC-SA 4.0 pour le texte; illustrations et annexes séparées","fr","1;2;3;4","texte intégral repéré","source de cadrage publiée; détails scientifiques à recouper","Frontière·s, Chroniques, 11 septembre 2025."
"ZEDER-LAPHAM-2010","archéozoologie","Melinda A. Zeder; Heather A. Lapham","Assessing the reliability of criteria used to identify postcranial bones in sheep, Ovis, and goats, Capra","2010","article scientifique","https://doi.org/10.1016/j.jas.2010.06.032","_private-inputs/scientifique/articles/Assessing_the_reliability_of_criteria_used_to_iden.pdf","droits à vérifier; copie privée de recherche","en","2","texte intégral disponible localement","source scientifique publiée; pages à associer aux affirmations","Journal of Archaeological Science 37(11), p. 2887-2905."
"UNAL-ET-AL-2025","anatomie vétérinaire; morphométrie","Burak Ünal; Barış Can Güzel; Buket Çakar; Yeşim Aslan Kanmaz; Funda Yiğit; Ozan Gündemir; Mihaela-Claudia Spataru","Shape and Size Variations in the Astragalus of Large and Small Bovids","2025","article scientifique","https://doi.org/10.3390/ani15030425","","accès ouvert; licence de l'article et des figures à vérifier avant réutilisation","en","1;2","résumé et métadonnées consultés","texte intégral à lire avant validation d'une affirmation","Animals 15(3), 425; PMCID PMC11816053."
"VAN-DRIE-BOXTEL-2008","didactique de l'histoire","Jannet van Drie; Carla van Boxtel","Historical Reasoning: Towards a Framework for Analyzing Students’ Reasoning about the Past","2008","article de synthèse","https://doi.org/10.1007/s10648-007-9056-1","","droits à vérifier","en","3;4","résumé et métadonnées consultés","cadre pédagogique à lire intégralement avant citation détaillée","Educational Psychology Review 20, p. 87-110. Le DOI présent dans certaines pages du projet est erroné."
"NCBI-TALUS","anatomie humaine","Irfan A. Khan; Matthew A. Varacallo; StatPearls","Anatomy, Bony Pelvis and Lower Limb, Foot Talus","2023","chapitre de référence clinique","https://www.ncbi.nlm.nih.gov/books/NBK541086/","","CC BY-NC-ND 4.0","en","1;2;3;4","sections anatomiques consultées","appui anatomique général; validation spécialisée pour les formulations sensibles","Dernière mise à jour affichée : 8 août 2023; édition StatPearls en ligne."
"BODYPARTS3D","média anatomique","BodyParts3D; DBCLS","BodyParts3D / Anatomography","","base de données et rendus 3D","https://lifesciencedb.jp/bp3d/info/index.html","","CC BY-SA 2.1 JP","en;ja","1;3","notice et licence consultées","publiable sous conditions d'attribution et de partage à l'identique","Appui de vocabulaire anatomique moderne; ne prouve aucun récit ancien."
"IPI-COPYRIGHT","droits","Institut fédéral de la propriété intellectuelle","When may I use a work?","","guide institutionnel","https://www.ige.ch/en/protecting-your-ip/copyright/using-a-work/copyright-","","droits du site institutionnel","en","transversal","page consultée","référentiel d'orientation; pas un avis juridique","Distinguer usage en classe et publication sur internet."
"ICOM-ETHICS-2026","musées; éthique","International Council of Museums","ICOM Code of Ethics for Museums","2026","code professionnel","https://icom.museum/en/resources/standards-guidelines/code-of-ethics/","","droits ICOM; réutilisation à vérifier","en;fr;es","1;2;3;4","sections pertinentes repérées","référentiel professionnel; règles de l'institution prioritaires","Version révisée adoptée le 25 juin 2026."
"WCAG-22","accessibilité web","W3C","Web Content Accessibility Guidelines (WCAG) 2.2","2024","recommandation W3C","https://www.w3.org/TR/WCAG22/","","règles documentaires W3C","en","transversal","référentiel consulté","référence normative web; conformité non présumée","Recommandation W3C du 12 décembre 2024."
"CAST-UDL-30","accessibilité pédagogique","CAST","CAST Universal Design for Learning Guidelines version 3.0","2024","lignes directrices","https://udlguidelines.cast.org/","","conditions CAST à vérifier pour toute reproduction","en;fr;de;it","1;2;3;4","référentiel consulté","cadre de conception; ne remplace pas un test avec les publics","Version 3.0 publiée le 30 juillet 2024."
